source,glass,scale,span,pose,RGB,scene,role,status
canonical,0.25,1,44,inactive,"[28, 28, 30]",dark-solid__capsule-button__inactive,calibration,NATIVE_FIXTURE
canonical,0.25,1,44,rest,"[28, 28, 30]",dark-solid__capsule-button__rest,calibration,NATIVE_FIXTURE
canonical,0.25,1,48,inactive,"[28, 28, 30]",dark-solid__rrect-48__inactive,probe,NATIVE_FIXTURE
canonical,0.25,1,48,rest,"[28, 28, 30]",dark-solid__rrect-48__rest,probe,NATIVE_FIXTURE
canonical,0.25,1,64,rest,"[28, 28, 30]",dark-solid__rrect-64__rest,probe,NATIVE_FIXTURE
canonical,0.25,1,80,inactive,"[28, 28, 30]",dark-solid__rrect-80__inactive,probe,NATIVE_FIXTURE
canonical,0.25,1,80,rest,"[28, 28, 30]",dark-solid__rrect-80__rest,probe,NATIVE_FIXTURE
canonical,0.25,1,160,inactive,"[28, 28, 30]",dark-solid__rrect-lg__inactive,probe,NATIVE_FIXTURE
canonical,0.25,1,160,rest,"[28, 28, 30]",dark-solid__rrect-lg__rest,probe,NATIVE_FIXTURE
canonical,0.25,1,96,inactive,"[28, 28, 30]",dark-solid__rrect-md-clear20__inactive,probe,NATIVE_FIXTURE
canonical,0.25,1,96,rest,"[28, 28, 30]",dark-solid__rrect-md-clear20__rest,probe,NATIVE_FIXTURE
canonical,0.25,1,96,inactive,"[28, 28, 30]",dark-solid__rrect-md__inactive,calibration,NATIVE_FIXTURE
canonical,0.25,1,96,rest,"[28, 28, 30]",dark-solid__rrect-md__rest,calibration,NATIVE_FIXTURE
canonical,0.25,1,128,rest,"[28, 28, 30]",dark-solid__rrect-ml__rest,probe,NATIVE_FIXTURE
canonical,0.25,1,32,inactive,"[28, 28, 30]",dark-solid__rrect-sm__inactive,probe,NATIVE_FIXTURE
canonical,0.25,1,32,rest,"[28, 28, 30]",dark-solid__rrect-sm__rest,probe,NATIVE_FIXTURE
canonical,0.25,1,44,inactive,,impulse__capsule-button__inactive,validation,NATIVE_FIXTURE
canonical,0.25,1,44,rest,,impulse__capsule-button__rest,validation,NATIVE_FIXTURE
canonical,0.25,1,160,inactive,,impulse__rrect-lg__inactive,probe,NATIVE_FIXTURE
canonical,0.25,1,160,rest,,impulse__rrect-lg__rest,probe,NATIVE_FIXTURE
canonical,0.25,1,128,inactive,,impulse__rrect-ml__inactive,probe,NATIVE_FIXTURE
canonical,0.25,1,128,rest,,impulse__rrect-ml__rest,probe,NATIVE_FIXTURE
canonical,0.25,1,32,rest,,impulse__rrect-sm__rest,probe,NATIVE_FIXTURE
canonical,0.25,1,44,inactive,"[69, 69, 69]",mid-dark-solid__capsule-button__inactive,holdout,NATIVE_FIXTURE
canonical,0.25,1,44,rest,"[69, 69, 69]",mid-dark-solid__capsule-button__rest,holdout,NATIVE_FIXTURE
canonical,0.25,1,160,inactive,"[69, 69, 69]",mid-dark-solid__rrect-lg__inactive,probe,NATIVE_FIXTURE
canonical,0.25,1,160,rest,"[69, 69, 69]",mid-dark-solid__rrect-lg__rest,probe,NATIVE_FIXTURE
canonical,0.25,1,96,inactive,"[69, 69, 69]",mid-dark-solid__rrect-md__inactive,probe,NATIVE_FIXTURE
canonical,0.25,1,96,rest,"[69, 69, 69]",mid-dark-solid__rrect-md__rest,probe,NATIVE_FIXTURE
canonical,0.25,1,32,inactive,"[69, 69, 69]",mid-dark-solid__rrect-sm__inactive,probe,NATIVE_FIXTURE
canonical,0.25,1,32,rest,"[69, 69, 69]",mid-dark-solid__rrect-sm__rest,probe,NATIVE_FIXTURE
canonical,0.5,1,44,inactive,"[28, 28, 30]",dark-solid__capsule-button__inactive,calibration,NATIVE_FIXTURE
canonical,0.5,1,44,rest,"[28, 28, 30]",dark-solid__capsule-button__rest,calibration,NATIVE_FIXTURE
canonical,0.5,1,48,inactive,"[28, 28, 30]",dark-solid__rrect-48__inactive,probe,NATIVE_FIXTURE
canonical,0.5,1,48,rest,"[28, 28, 30]",dark-solid__rrect-48__rest,probe,NATIVE_FIXTURE
canonical,0.5,1,64,rest,"[28, 28, 30]",dark-solid__rrect-64__rest,probe,NATIVE_FIXTURE
canonical,0.5,1,80,inactive,"[28, 28, 30]",dark-solid__rrect-80__inactive,probe,NATIVE_FIXTURE
canonical,0.5,1,80,rest,"[28, 28, 30]",dark-solid__rrect-80__rest,probe,NATIVE_FIXTURE
canonical,0.5,1,160,inactive,"[28, 28, 30]",dark-solid__rrect-lg__inactive,probe,NATIVE_FIXTURE
canonical,0.5,1,160,rest,"[28, 28, 30]",dark-solid__rrect-lg__rest,probe,NATIVE_FIXTURE
canonical,0.5,1,96,inactive,"[28, 28, 30]",dark-solid__rrect-md-clear20__inactive,probe,NATIVE_FIXTURE
canonical,0.5,1,96,rest,"[28, 28, 30]",dark-solid__rrect-md-clear20__rest,probe,NATIVE_FIXTURE
canonical,0.5,1,96,inactive,"[28, 28, 30]",dark-solid__rrect-md__inactive,calibration,NATIVE_FIXTURE
canonical,0.5,1,96,rest,"[28, 28, 30]",dark-solid__rrect-md__rest,calibration,NATIVE_FIXTURE
canonical,0.5,1,128,rest,"[28, 28, 30]",dark-solid__rrect-ml__rest,probe,NATIVE_FIXTURE
canonical,0.5,1,32,inactive,"[28, 28, 30]",dark-solid__rrect-sm__inactive,probe,NATIVE_FIXTURE
canonical,0.5,1,32,rest,"[28, 28, 30]",dark-solid__rrect-sm__rest,probe,NATIVE_FIXTURE
canonical,0.5,1,44,inactive,,impulse__capsule-button__inactive,validation,NATIVE_FIXTURE
canonical,0.5,1,44,rest,,impulse__capsule-button__rest,validation,NATIVE_FIXTURE
canonical,0.5,1,160,inactive,,impulse__rrect-lg__inactive,probe,NATIVE_FIXTURE
canonical,0.5,1,160,rest,,impulse__rrect-lg__rest,probe,NATIVE_FIXTURE
canonical,0.5,1,128,inactive,,impulse__rrect-ml__inactive,probe,NATIVE_FIXTURE
canonical,0.5,1,128,rest,,impulse__rrect-ml__rest,probe,NATIVE_FIXTURE
canonical,0.5,1,32,rest,,impulse__rrect-sm__rest,probe,NATIVE_FIXTURE
canonical,0.5,1,44,inactive,"[69, 69, 69]",mid-dark-solid__capsule-button__inactive,holdout,NATIVE_FIXTURE
canonical,0.5,1,44,rest,"[69, 69, 69]",mid-dark-solid__capsule-button__rest,holdout,NATIVE_FIXTURE
canonical,0.5,1,160,inactive,"[69, 69, 69]",mid-dark-solid__rrect-lg__inactive,probe,NATIVE_FIXTURE
canonical,0.5,1,160,rest,"[69, 69, 69]",mid-dark-solid__rrect-lg__rest,probe,NATIVE_FIXTURE
canonical,0.5,1,96,inactive,"[69, 69, 69]",mid-dark-solid__rrect-md__inactive,probe,NATIVE_FIXTURE
canonical,0.5,1,96,rest,"[69, 69, 69]",mid-dark-solid__rrect-md__rest,probe,NATIVE_FIXTURE
canonical,0.5,1,32,inactive,"[69, 69, 69]",mid-dark-solid__rrect-sm__inactive,probe,NATIVE_FIXTURE
canonical,0.5,1,32,rest,"[69, 69, 69]",mid-dark-solid__rrect-sm__rest,probe,NATIVE_FIXTURE
canonical,0.25,2,44,inactive,"[28, 28, 30]",dark-solid__capsule-button__inactive,calibration,NATIVE_FIXTURE
canonical,0.25,2,44,rest,"[28, 28, 30]",dark-solid__capsule-button__rest,calibration,NATIVE_FIXTURE
canonical,0.25,2,48,inactive,"[28, 28, 30]",dark-solid__rrect-48__inactive,probe,NATIVE_FIXTURE
canonical,0.25,2,48,rest,"[28, 28, 30]",dark-solid__rrect-48__rest,probe,NATIVE_FIXTURE
canonical,0.25,2,64,rest,"[28, 28, 30]",dark-solid__rrect-64__rest,probe,NATIVE_FIXTURE
canonical,0.25,2,80,inactive,"[28, 28, 30]",dark-solid__rrect-80__inactive,probe,NATIVE_FIXTURE
canonical,0.25,2,80,rest,"[28, 28, 30]",dark-solid__rrect-80__rest,probe,NATIVE_FIXTURE
canonical,0.25,2,160,inactive,"[28, 28, 30]",dark-solid__rrect-lg__inactive,probe,NATIVE_FIXTURE
canonical,0.25,2,160,rest,"[28, 28, 30]",dark-solid__rrect-lg__rest,probe,NATIVE_FIXTURE
canonical,0.25,2,96,inactive,"[28, 28, 30]",dark-solid__rrect-md-clear20__inactive,probe,NATIVE_FIXTURE
canonical,0.25,2,96,rest,"[28, 28, 30]",dark-solid__rrect-md-clear20__rest,probe,NATIVE_FIXTURE
canonical,0.25,2,96,inactive,"[28, 28, 30]",dark-solid__rrect-md__inactive,calibration,NATIVE_FIXTURE
canonical,0.25,2,96,rest,"[28, 28, 30]",dark-solid__rrect-md__rest,calibration,NATIVE_FIXTURE
canonical,0.25,2,128,rest,"[28, 28, 30]",dark-solid__rrect-ml__rest,probe,NATIVE_FIXTURE
canonical,0.25,2,32,inactive,"[28, 28, 30]",dark-solid__rrect-sm__inactive,probe,NATIVE_FIXTURE
canonical,0.25,2,32,rest,"[28, 28, 30]",dark-solid__rrect-sm__rest,probe,NATIVE_FIXTURE
canonical,0.25,2,44,inactive,,impulse__capsule-button__inactive,validation,NATIVE_FIXTURE
canonical,0.25,2,44,rest,,impulse__capsule-button__rest,validation,NATIVE_FIXTURE
canonical,0.25,2,160,inactive,,impulse__rrect-lg__inactive,probe,NATIVE_FIXTURE
canonical,0.25,2,160,rest,,impulse__rrect-lg__rest,probe,NATIVE_FIXTURE
canonical,0.25,2,128,inactive,,impulse__rrect-ml__inactive,probe,NATIVE_FIXTURE
canonical,0.25,2,128,rest,,impulse__rrect-ml__rest,probe,NATIVE_FIXTURE
canonical,0.25,2,32,rest,,impulse__rrect-sm__rest,probe,NATIVE_FIXTURE
canonical,0.25,2,44,inactive,"[69, 69, 69]",mid-dark-solid__capsule-button__inactive,holdout,NATIVE_FIXTURE
canonical,0.25,2,44,rest,"[69, 69, 69]",mid-dark-solid__capsule-button__rest,holdout,NATIVE_FIXTURE
canonical,0.25,2,160,inactive,"[69, 69, 69]",mid-dark-solid__rrect-lg__inactive,probe,NATIVE_FIXTURE
canonical,0.25,2,160,rest,"[69, 69, 69]",mid-dark-solid__rrect-lg__rest,probe,NATIVE_FIXTURE
canonical,0.25,2,96,inactive,"[69, 69, 69]",mid-dark-solid__rrect-md__inactive,probe,NATIVE_FIXTURE
canonical,0.25,2,96,rest,"[69, 69, 69]",mid-dark-solid__rrect-md__rest,probe,NATIVE_FIXTURE
canonical,0.25,2,32,inactive,"[69, 69, 69]",mid-dark-solid__rrect-sm__inactive,probe,NATIVE_FIXTURE
canonical,0.25,2,32,rest,"[69, 69, 69]",mid-dark-solid__rrect-sm__rest,probe,NATIVE_FIXTURE
canonical,0.5,2,44,inactive,"[28, 28, 30]",dark-solid__capsule-button__inactive,calibration,NATIVE_FIXTURE
canonical,0.5,2,44,rest,"[28, 28, 30]",dark-solid__capsule-button__rest,calibration,NATIVE_FIXTURE
canonical,0.5,2,48,inactive,"[28, 28, 30]",dark-solid__rrect-48__inactive,probe,NATIVE_FIXTURE
canonical,0.5,2,48,rest,"[28, 28, 30]",dark-solid__rrect-48__rest,probe,NATIVE_FIXTURE
canonical,0.5,2,64,rest,"[28, 28, 30]",dark-solid__rrect-64__rest,probe,NATIVE_FIXTURE
canonical,0.5,2,80,inactive,"[28, 28, 30]",dark-solid__rrect-80__inactive,probe,NATIVE_FIXTURE
canonical,0.5,2,80,rest,"[28, 28, 30]",dark-solid__rrect-80__rest,probe,NATIVE_FIXTURE
canonical,0.5,2,160,inactive,"[28, 28, 30]",dark-solid__rrect-lg__inactive,probe,NATIVE_FIXTURE
canonical,0.5,2,160,rest,"[28, 28, 30]",dark-solid__rrect-lg__rest,probe,NATIVE_FIXTURE
canonical,0.5,2,96,inactive,"[28, 28, 30]",dark-solid__rrect-md-clear20__inactive,probe,NATIVE_FIXTURE
canonical,0.5,2,96,rest,"[28, 28, 30]",dark-solid__rrect-md-clear20__rest,probe,NATIVE_FIXTURE
canonical,0.5,2,96,inactive,"[28, 28, 30]",dark-solid__rrect-md__inactive,calibration,NATIVE_FIXTURE
canonical,0.5,2,96,rest,"[28, 28, 30]",dark-solid__rrect-md__rest,calibration,NATIVE_FIXTURE
canonical,0.5,2,128,rest,"[28, 28, 30]",dark-solid__rrect-ml__rest,probe,NATIVE_FIXTURE
canonical,0.5,2,32,inactive,"[28, 28, 30]",dark-solid__rrect-sm__inactive,probe,NATIVE_FIXTURE
canonical,0.5,2,32,rest,"[28, 28, 30]",dark-solid__rrect-sm__rest,probe,NATIVE_FIXTURE
canonical,0.5,2,44,inactive,,impulse__capsule-button__inactive,validation,NATIVE_FIXTURE
canonical,0.5,2,44,rest,,impulse__capsule-button__rest,validation,NATIVE_FIXTURE
canonical,0.5,2,160,inactive,,impulse__rrect-lg__inactive,probe,NATIVE_FIXTURE
canonical,0.5,2,160,rest,,impulse__rrect-lg__rest,probe,NATIVE_FIXTURE
canonical,0.5,2,128,inactive,,impulse__rrect-ml__inactive,probe,NATIVE_FIXTURE
canonical,0.5,2,128,rest,,impulse__rrect-ml__rest,probe,NATIVE_FIXTURE
canonical,0.5,2,32,rest,,impulse__rrect-sm__rest,probe,NATIVE_FIXTURE
canonical,0.5,2,44,inactive,"[69, 69, 69]",mid-dark-solid__capsule-button__inactive,holdout,NATIVE_FIXTURE
canonical,0.5,2,44,rest,"[69, 69, 69]",mid-dark-solid__capsule-button__rest,holdout,NATIVE_FIXTURE
canonical,0.5,2,160,inactive,"[69, 69, 69]",mid-dark-solid__rrect-lg__inactive,probe,NATIVE_FIXTURE
canonical,0.5,2,160,rest,"[69, 69, 69]",mid-dark-solid__rrect-lg__rest,probe,NATIVE_FIXTURE
canonical,0.5,2,96,inactive,"[69, 69, 69]",mid-dark-solid__rrect-md__inactive,probe,NATIVE_FIXTURE
canonical,0.5,2,96,rest,"[69, 69, 69]",mid-dark-solid__rrect-md__rest,probe,NATIVE_FIXTURE
canonical,0.5,2,32,inactive,"[69, 69, 69]",mid-dark-solid__rrect-sm__inactive,probe,NATIVE_FIXTURE
canonical,0.5,2,32,rest,"[69, 69, 69]",mid-dark-solid__rrect-sm__rest,probe,NATIVE_FIXTURE
w34,0.5,1,44,inactive,"[28, 28, 30]",dark-solid__capsule-button__inactive,probe,NATIVE_FIXTURE
w34,0.5,1,44,rest,"[28, 28, 30]",dark-solid__capsule-button__rest,probe,NATIVE_FIXTURE
w34,0.5,1,44,inactive,"[0, 0, 0]",grey-0__circular-120__inactive,probe,DECLARED_NOT_IN_CANONICAL_TREE
w34,0.5,1,44,rest,"[0, 0, 0]",grey-0__circular-120__rest,probe,DECLARED_NOT_IN_CANONICAL_TREE
w34,0.5,1,44,inactive,"[32, 32, 32]",grey-32__circular-120__inactive,probe,DECLARED_NOT_IN_CANONICAL_TREE
w34,0.5,1,44,rest,"[32, 32, 32]",grey-32__circular-120__rest,probe,DECLARED_NOT_IN_CANONICAL_TREE
w34,0.5,1,44,inactive,"[64, 64, 64]",grey-64__circular-120__inactive,probe,DECLARED_NOT_IN_CANONICAL_TREE
w34,0.5,1,44,rest,"[64, 64, 64]",grey-64__circular-120__rest,probe,DECLARED_NOT_IN_CANONICAL_TREE
w34,0.5,2,44,inactive,"[28, 28, 30]",dark-solid__capsule-button__inactive,probe,NATIVE_FIXTURE
w34,0.5,2,44,rest,"[28, 28, 30]",dark-solid__capsule-button__rest,probe,NATIVE_FIXTURE
w34,0.5,2,44,inactive,"[0, 0, 0]",grey-0__circular-120__inactive,probe,DECLARED_NOT_IN_CANONICAL_TREE
w34,0.5,2,44,rest,"[0, 0, 0]",grey-0__circular-120__rest,probe,DECLARED_NOT_IN_CANONICAL_TREE
w34,0.5,2,44,inactive,"[32, 32, 32]",grey-32__circular-120__inactive,probe,DECLARED_NOT_IN_CANONICAL_TREE
w34,0.5,2,44,rest,"[32, 32, 32]",grey-32__circular-120__rest,probe,DECLARED_NOT_IN_CANONICAL_TREE
w34,0.5,2,44,inactive,"[64, 64, 64]",grey-64__circular-120__inactive,probe,DECLARED_NOT_IN_CANONICAL_TREE
w34,0.5,2,44,rest,"[64, 64, 64]",grey-64__circular-120__rest,probe,DECLARED_NOT_IN_CANONICAL_TREE
w39,0.5,1,44,inactive,"[104, 104, 104]",neutral-104-colour__inactive,calibration,ADMITTED_ARCHIVE
w39,0.5,1,44,rest,"[104, 104, 104]",neutral-104-colour__rest,calibration,ADMITTED_ARCHIVE
w39,0.5,1,44,inactive,"[128, 128, 128]",neutral-128-colour__inactive,calibration,ADMITTED_ARCHIVE
w39,0.5,1,44,rest,"[128, 128, 128]",neutral-128-colour__rest,calibration,ADMITTED_ARCHIVE
w39,0.5,1,44,inactive,"[150, 150, 150]",neutral-150-colour__inactive,calibration,ADMITTED_ARCHIVE
w39,0.5,1,44,rest,"[150, 150, 150]",neutral-150-colour__rest,calibration,ADMITTED_ARCHIVE
w39,0.5,1,44,inactive,"[40, 40, 40]",neutral-40-colour__inactive,calibration,ADMITTED_ARCHIVE
w39,0.5,1,44,rest,"[40, 40, 40]",neutral-40-colour__rest,calibration,ADMITTED_ARCHIVE
w39,0.5,1,44,inactive,"[56, 56, 56]",neutral-56-colour__inactive,calibration,ADMITTED_ARCHIVE
w39,0.5,1,44,rest,"[56, 56, 56]",neutral-56-colour__rest,calibration,ADMITTED_ARCHIVE
w39,0.5,1,44,inactive,"[72, 72, 72]",neutral-72-colour__inactive,calibration,ADMITTED_ARCHIVE
w39,0.5,1,44,rest,"[72, 72, 72]",neutral-72-colour__rest,calibration,ADMITTED_ARCHIVE
w39,0.5,1,44,inactive,"[88, 88, 88]",neutral-88-colour__inactive,calibration,ADMITTED_ARCHIVE
w39,0.5,1,44,rest,"[88, 88, 88]",neutral-88-colour__rest,calibration,ADMITTED_ARCHIVE
w39,0.5,2,44,inactive,"[104, 104, 104]",neutral-104-colour__inactive,calibration,ADMITTED_ARCHIVE
w39,0.5,2,44,rest,"[104, 104, 104]",neutral-104-colour__rest,calibration,ADMITTED_ARCHIVE
w39,0.5,2,44,inactive,"[128, 128, 128]",neutral-128-colour__inactive,calibration,ADMITTED_ARCHIVE
w39,0.5,2,44,rest,"[128, 128, 128]",neutral-128-colour__rest,calibration,ADMITTED_ARCHIVE
w39,0.5,2,44,inactive,"[150, 150, 150]",neutral-150-colour__inactive,calibration,ADMITTED_ARCHIVE
w39,0.5,2,44,rest,"[150, 150, 150]",neutral-150-colour__rest,calibration,ADMITTED_ARCHIVE
w39,0.5,2,44,inactive,"[40, 40, 40]",neutral-40-colour__inactive,calibration,ADMITTED_ARCHIVE
w39,0.5,2,44,rest,"[40, 40, 40]",neutral-40-colour__rest,calibration,ADMITTED_ARCHIVE
w39,0.5,2,44,inactive,"[56, 56, 56]",neutral-56-colour__inactive,calibration,ADMITTED_ARCHIVE
w39,0.5,2,44,rest,"[56, 56, 56]",neutral-56-colour__rest,calibration,ADMITTED_ARCHIVE
w39,0.5,2,44,inactive,"[72, 72, 72]",neutral-72-colour__inactive,calibration,ADMITTED_ARCHIVE
w39,0.5,2,44,rest,"[72, 72, 72]",neutral-72-colour__rest,calibration,ADMITTED_ARCHIVE
w39,0.5,2,44,inactive,"[88, 88, 88]",neutral-88-colour__inactive,calibration,ADMITTED_ARCHIVE
w39,0.5,2,44,rest,"[88, 88, 88]",neutral-88-colour__rest,calibration,ADMITTED_ARCHIVE
w42,0.5,1,96,inactive,"[128, 128, 128]",a-g128-rrect-md-1x__inactive,validation,ADMITTED_ARCHIVE
w42,0.5,1,96,rest,"[128, 128, 128]",a-g128-rrect-md-1x__rest,validation,ADMITTED_ARCHIVE
w42,0.5,1,96,inactive,"[255, 255, 255]",a-g255-rrect-md-1x__inactive,validation,ADMITTED_ARCHIVE
w42,0.5,1,96,rest,"[255, 255, 255]",a-g255-rrect-md-1x__rest,validation,ADMITTED_ARCHIVE
w42,0.5,2,44,inactive,"[0, 0, 0]",a-g000-capsule-button__inactive,calibration,ADMITTED_ARCHIVE
w42,0.5,2,44,rest,"[0, 0, 0]",a-g000-capsule-button__rest,calibration,ADMITTED_ARCHIVE
w42,0.5,2,96,inactive,"[0, 0, 0]",a-g000-rrect-md__inactive,calibration,ADMITTED_ARCHIVE
w42,0.5,2,96,rest,"[0, 0, 0]",a-g000-rrect-md__rest,calibration,ADMITTED_ARCHIVE
w42,0.5,2,44,inactive,"[64, 64, 64]",a-g064-capsule-button__inactive,calibration,ADMITTED_ARCHIVE
w42,0.5,2,44,rest,"[64, 64, 64]",a-g064-capsule-button__rest,calibration,ADMITTED_ARCHIVE
w42,0.5,2,96,inactive,"[64, 64, 64]",a-g064-rrect-md__inactive,calibration,ADMITTED_ARCHIVE
w42,0.5,2,96,rest,"[64, 64, 64]",a-g064-rrect-md__rest,calibration,ADMITTED_ARCHIVE
w42,0.5,2,160,inactive,"[96, 96, 96]",a-g096-rrect-lg__inactive,calibration,ADMITTED_ARCHIVE
w42,0.5,2,160,rest,"[96, 96, 96]",a-g096-rrect-lg__rest,calibration,ADMITTED_ARCHIVE
w42,0.5,2,44,inactive,"[128, 128, 128]",a-g128-capsule-button__inactive,calibration,ADMITTED_ARCHIVE
w42,0.5,2,44,rest,"[128, 128, 128]",a-g128-capsule-button__rest,calibration,ADMITTED_ARCHIVE
w42,0.5,2,96,inactive,"[128, 128, 128]",a-g128-rrect-md__inactive,calibration,ADMITTED_ARCHIVE
w42,0.5,2,96,rest,"[128, 128, 128]",a-g128-rrect-md__rest,calibration,ADMITTED_ARCHIVE
w42,0.5,2,44,inactive,"[160, 160, 160]",a-g160-capsule-button__inactive,calibration,ADMITTED_ARCHIVE
w42,0.5,2,44,rest,"[160, 160, 160]",a-g160-capsule-button__rest,calibration,ADMITTED_ARCHIVE
w42,0.5,2,64,inactive,"[160, 160, 160]",a-g160-rrect-64__inactive,validation,ADMITTED_ARCHIVE
w42,0.5,2,64,rest,"[160, 160, 160]",a-g160-rrect-64__rest,validation,ADMITTED_ARCHIVE
w42,0.5,2,80,inactive,"[160, 160, 160]",a-g160-rrect-80__inactive,calibration,ADMITTED_ARCHIVE
w42,0.5,2,80,rest,"[160, 160, 160]",a-g160-rrect-80__rest,calibration,ADMITTED_ARCHIVE
w42,0.5,2,160,inactive,"[160, 160, 160]",a-g160-rrect-lg__inactive,calibration,ADMITTED_ARCHIVE
w42,0.5,2,160,rest,"[160, 160, 160]",a-g160-rrect-lg__rest,calibration,ADMITTED_ARCHIVE
w42,0.5,2,96,inactive,"[160, 160, 160]",a-g160-rrect-md__inactive,calibration,ADMITTED_ARCHIVE
w42,0.5,2,96,rest,"[160, 160, 160]",a-g160-rrect-md__rest,calibration,ADMITTED_ARCHIVE
w42,0.5,2,128,inactive,"[160, 160, 160]",a-g160-rrect-ml__inactive,calibration,ADMITTED_ARCHIVE
w42,0.5,2,128,rest,"[160, 160, 160]",a-g160-rrect-ml__rest,calibration,ADMITTED_ARCHIVE
w42,0.5,2,44,inactive,"[176, 176, 176]",a-g176-capsule-button__inactive,calibration,ADMITTED_ARCHIVE
w42,0.5,2,44,rest,"[176, 176, 176]",a-g176-capsule-button__rest,calibration,ADMITTED_ARCHIVE
w42,0.5,2,96,inactive,"[176, 176, 176]",a-g176-rrect-md__inactive,calibration,ADMITTED_ARCHIVE
w42,0.5,2,96,rest,"[176, 176, 176]",a-g176-rrect-md__rest,calibration,ADMITTED_ARCHIVE
w42,0.5,2,44,inactive,"[192, 192, 192]",a-g192-capsule-button__inactive,calibration,ADMITTED_ARCHIVE
w42,0.5,2,44,rest,"[192, 192, 192]",a-g192-capsule-button__rest,calibration,ADMITTED_ARCHIVE
w42,0.5,2,96,inactive,"[192, 192, 192]",a-g192-rrect-md__inactive,calibration,ADMITTED_ARCHIVE
w42,0.5,2,96,rest,"[192, 192, 192]",a-g192-rrect-md__rest,calibration,ADMITTED_ARCHIVE
w42,0.5,2,44,inactive,"[208, 208, 208]",a-g208-capsule-button__inactive,calibration,ADMITTED_ARCHIVE
w42,0.5,2,44,rest,"[208, 208, 208]",a-g208-capsule-button__rest,calibration,ADMITTED_ARCHIVE
w42,0.5,2,64,inactive,"[208, 208, 208]",a-g208-rrect-64__inactive,validation,ADMITTED_ARCHIVE
w42,0.5,2,64,rest,"[208, 208, 208]",a-g208-rrect-64__rest,validation,ADMITTED_ARCHIVE
w42,0.5,2,80,inactive,"[208, 208, 208]",a-g208-rrect-80__inactive,calibration,ADMITTED_ARCHIVE
w42,0.5,2,80,rest,"[208, 208, 208]",a-g208-rrect-80__rest,calibration,ADMITTED_ARCHIVE
w42,0.5,2,160,inactive,"[208, 208, 208]",a-g208-rrect-lg__inactive,calibration,ADMITTED_ARCHIVE
w42,0.5,2,160,rest,"[208, 208, 208]",a-g208-rrect-lg__rest,calibration,ADMITTED_ARCHIVE
w42,0.5,2,96,inactive,"[208, 208, 208]",a-g208-rrect-md__inactive,calibration,ADMITTED_ARCHIVE
w42,0.5,2,96,rest,"[208, 208, 208]",a-g208-rrect-md__rest,calibration,ADMITTED_ARCHIVE
w42,0.5,2,128,inactive,"[208, 208, 208]",a-g208-rrect-ml__inactive,calibration,ADMITTED_ARCHIVE
w42,0.5,2,128,rest,"[208, 208, 208]",a-g208-rrect-ml__rest,calibration,ADMITTED_ARCHIVE
w42,0.5,2,44,inactive,"[224, 224, 224]",a-g224-capsule-button__inactive,calibration,ADMITTED_ARCHIVE
w42,0.5,2,44,rest,"[224, 224, 224]",a-g224-capsule-button__rest,calibration,ADMITTED_ARCHIVE
w42,0.5,2,96,inactive,"[224, 224, 224]",a-g224-rrect-md__inactive,calibration,ADMITTED_ARCHIVE
w42,0.5,2,96,rest,"[224, 224, 224]",a-g224-rrect-md__rest,calibration,ADMITTED_ARCHIVE
w42,0.5,2,44,inactive,"[240, 240, 240]",a-g240-capsule-button__inactive,calibration,ADMITTED_ARCHIVE
w42,0.5,2,44,rest,"[240, 240, 240]",a-g240-capsule-button__rest,calibration,ADMITTED_ARCHIVE
w42,0.5,2,96,inactive,"[240, 240, 240]",a-g240-rrect-md__inactive,calibration,ADMITTED_ARCHIVE
w42,0.5,2,96,rest,"[240, 240, 240]",a-g240-rrect-md__rest,calibration,ADMITTED_ARCHIVE
w42,0.5,2,44,inactive,"[255, 255, 255]",a-g255-capsule-button__inactive,calibration,ADMITTED_ARCHIVE
w42,0.5,2,44,rest,"[255, 255, 255]",a-g255-capsule-button__rest,calibration,ADMITTED_ARCHIVE
w42,0.5,2,64,inactive,"[255, 255, 255]",a-g255-rrect-64__inactive,validation,ADMITTED_ARCHIVE
w42,0.5,2,64,rest,"[255, 255, 255]",a-g255-rrect-64__rest,validation,ADMITTED_ARCHIVE
w42,0.5,2,80,inactive,"[255, 255, 255]",a-g255-rrect-80__inactive,calibration,ADMITTED_ARCHIVE
w42,0.5,2,80,rest,"[255, 255, 255]",a-g255-rrect-80__rest,calibration,ADMITTED_ARCHIVE
w42,0.5,2,160,inactive,"[255, 255, 255]",a-g255-rrect-lg__inactive,calibration,ADMITTED_ARCHIVE
w42,0.5,2,160,rest,"[255, 255, 255]",a-g255-rrect-lg__rest,calibration,ADMITTED_ARCHIVE
w42,0.5,2,96,inactive,"[255, 255, 255]",a-g255-rrect-md__inactive,calibration,ADMITTED_ARCHIVE
w42,0.5,2,96,rest,"[255, 255, 255]",a-g255-rrect-md__rest,calibration,ADMITTED_ARCHIVE
w42,0.5,2,128,inactive,"[255, 255, 255]",a-g255-rrect-ml__inactive,calibration,ADMITTED_ARCHIVE
w42,0.5,2,128,rest,"[255, 255, 255]",a-g255-rrect-ml__rest,calibration,ADMITTED_ARCHIVE
w43g1a,0.25,1,44,inactive,"[28, 28, 30]",dark-solid__capsule-button__inactive,calibration,ADMITTED_ARCHIVE
w43g1a,0.25,1,44,rest,"[28, 28, 30]",dark-solid__capsule-button__rest,calibration,ADMITTED_ARCHIVE
w43g1a,0.25,1,48,inactive,"[28, 28, 30]",dark-solid__rrect-48__inactive,probe,ADMITTED_ARCHIVE
w43g1a,0.25,1,48,rest,"[28, 28, 30]",dark-solid__rrect-48__rest,probe,ADMITTED_ARCHIVE
w43g1a,0.25,1,64,rest,"[28, 28, 30]",dark-solid__rrect-64__rest,probe,ADMITTED_ARCHIVE
w43g1a,0.25,1,80,inactive,"[28, 28, 30]",dark-solid__rrect-80__inactive,probe,ADMITTED_ARCHIVE
w43g1a,0.25,1,80,rest,"[28, 28, 30]",dark-solid__rrect-80__rest,probe,ADMITTED_ARCHIVE
w43g1a,0.25,1,160,inactive,"[28, 28, 30]",dark-solid__rrect-lg__inactive,probe,ADMITTED_ARCHIVE
w43g1a,0.25,1,160,rest,"[28, 28, 30]",dark-solid__rrect-lg__rest,probe,ADMITTED_ARCHIVE
w43g1a,0.25,1,96,inactive,"[28, 28, 30]",dark-solid__rrect-md-clear20__inactive,probe,ADMITTED_ARCHIVE
w43g1a,0.25,1,96,rest,"[28, 28, 30]",dark-solid__rrect-md-clear20__rest,probe,ADMITTED_ARCHIVE
w43g1a,0.25,1,96,inactive,"[28, 28, 30]",dark-solid__rrect-md__inactive,calibration,ADMITTED_ARCHIVE
w43g1a,0.25,1,96,rest,"[28, 28, 30]",dark-solid__rrect-md__rest,calibration,ADMITTED_ARCHIVE
w43g1a,0.25,1,128,rest,"[28, 28, 30]",dark-solid__rrect-ml__rest,probe,ADMITTED_ARCHIVE
w43g1a,0.25,1,32,inactive,"[28, 28, 30]",dark-solid__rrect-sm__inactive,probe,ADMITTED_ARCHIVE
w43g1a,0.25,1,32,rest,"[28, 28, 30]",dark-solid__rrect-sm__rest,probe,ADMITTED_ARCHIVE
w43g1a,0.25,1,44,inactive,,impulse__capsule-button__inactive,validation,ADMITTED_ARCHIVE
w43g1a,0.25,1,44,rest,,impulse__capsule-button__rest,validation,ADMITTED_ARCHIVE
w43g1a,0.25,1,160,inactive,,impulse__rrect-lg__inactive,probe,ADMITTED_ARCHIVE
w43g1a,0.25,1,160,rest,,impulse__rrect-lg__rest,probe,ADMITTED_ARCHIVE
w43g1a,0.25,1,128,inactive,,impulse__rrect-ml__inactive,probe,ADMITTED_ARCHIVE
w43g1a,0.25,1,128,rest,,impulse__rrect-ml__rest,probe,ADMITTED_ARCHIVE
w43g1a,0.25,1,32,rest,,impulse__rrect-sm__rest,probe,ADMITTED_ARCHIVE
w43g1a,0.25,1,44,inactive,"[69, 69, 69]",mid-dark-solid__capsule-button__inactive,holdout,ADMITTED_ARCHIVE
w43g1a,0.25,1,44,rest,"[69, 69, 69]",mid-dark-solid__capsule-button__rest,holdout,ADMITTED_ARCHIVE
w43g1a,0.25,1,160,inactive,"[69, 69, 69]",mid-dark-solid__rrect-lg__inactive,probe,ADMITTED_ARCHIVE
w43g1a,0.25,1,160,rest,"[69, 69, 69]",mid-dark-solid__rrect-lg__rest,probe,ADMITTED_ARCHIVE
w43g1a,0.25,1,96,inactive,"[69, 69, 69]",mid-dark-solid__rrect-md__inactive,probe,ADMITTED_ARCHIVE
w43g1a,0.25,1,96,rest,"[69, 69, 69]",mid-dark-solid__rrect-md__rest,probe,ADMITTED_ARCHIVE
w43g1a,0.25,1,32,inactive,"[69, 69, 69]",mid-dark-solid__rrect-sm__inactive,probe,ADMITTED_ARCHIVE
w43g1a,0.25,1,32,rest,"[69, 69, 69]",mid-dark-solid__rrect-sm__rest,probe,ADMITTED_ARCHIVE
w43g1a,0.5,1,160,inactive,"[28, 28, 30]",dark-solid__rrect-lg__inactive,probe,ADMITTED_ARCHIVE
w43g1a,0.5,1,160,rest,"[28, 28, 30]",dark-solid__rrect-lg__rest,probe,ADMITTED_ARCHIVE
w43g1a,0.25,2,44,inactive,"[28, 28, 30]",dark-solid__capsule-button__inactive,calibration,ADMITTED_ARCHIVE
w43g1a,0.25,2,44,rest,"[28, 28, 30]",dark-solid__capsule-button__rest,calibration,ADMITTED_ARCHIVE
w43g1a,0.25,2,48,inactive,"[28, 28, 30]",dark-solid__rrect-48__inactive,probe,ADMITTED_ARCHIVE
w43g1a,0.25,2,48,rest,"[28, 28, 30]",dark-solid__rrect-48__rest,probe,ADMITTED_ARCHIVE
w43g1a,0.25,2,64,rest,"[28, 28, 30]",dark-solid__rrect-64__rest,probe,ADMITTED_ARCHIVE
w43g1a,0.25,2,80,inactive,"[28, 28, 30]",dark-solid__rrect-80__inactive,probe,ADMITTED_ARCHIVE
w43g1a,0.25,2,80,rest,"[28, 28, 30]",dark-solid__rrect-80__rest,probe,ADMITTED_ARCHIVE
w43g1a,0.25,2,160,inactive,"[28, 28, 30]",dark-solid__rrect-lg__inactive,probe,ADMITTED_ARCHIVE
w43g1a,0.25,2,160,rest,"[28, 28, 30]",dark-solid__rrect-lg__rest,probe,ADMITTED_ARCHIVE
w43g1a,0.25,2,96,inactive,"[28, 28, 30]",dark-solid__rrect-md-clear20__inactive,probe,ADMITTED_ARCHIVE
w43g1a,0.25,2,96,rest,"[28, 28, 30]",dark-solid__rrect-md-clear20__rest,probe,ADMITTED_ARCHIVE
w43g1a,0.25,2,96,inactive,"[28, 28, 30]",dark-solid__rrect-md__inactive,calibration,ADMITTED_ARCHIVE
w43g1a,0.25,2,96,rest,"[28, 28, 30]",dark-solid__rrect-md__rest,calibration,ADMITTED_ARCHIVE
w43g1a,0.25,2,128,rest,"[28, 28, 30]",dark-solid__rrect-ml__rest,probe,ADMITTED_ARCHIVE
w43g1a,0.25,2,32,inactive,"[28, 28, 30]",dark-solid__rrect-sm__inactive,probe,ADMITTED_ARCHIVE
w43g1a,0.25,2,32,rest,"[28, 28, 30]",dark-solid__rrect-sm__rest,probe,ADMITTED_ARCHIVE
w43g1a,0.25,2,44,inactive,,impulse__capsule-button__inactive,validation,ADMITTED_ARCHIVE
w43g1a,0.25,2,44,rest,,impulse__capsule-button__rest,validation,ADMITTED_ARCHIVE
w43g1a,0.25,2,160,inactive,,impulse__rrect-lg__inactive,probe,ADMITTED_ARCHIVE
w43g1a,0.25,2,160,rest,,impulse__rrect-lg__rest,probe,ADMITTED_ARCHIVE
w43g1a,0.25,2,128,inactive,,impulse__rrect-ml__inactive,probe,ADMITTED_ARCHIVE
w43g1a,0.25,2,128,rest,,impulse__rrect-ml__rest,probe,ADMITTED_ARCHIVE
w43g1a,0.25,2,32,rest,,impulse__rrect-sm__rest,probe,ADMITTED_ARCHIVE
w43g1a,0.25,2,44,inactive,"[69, 69, 69]",mid-dark-solid__capsule-button__inactive,holdout,ADMITTED_ARCHIVE
w43g1a,0.25,2,44,rest,"[69, 69, 69]",mid-dark-solid__capsule-button__rest,holdout,ADMITTED_ARCHIVE
w43g1a,0.25,2,160,inactive,"[69, 69, 69]",mid-dark-solid__rrect-lg__inactive,probe,ADMITTED_ARCHIVE
w43g1a,0.25,2,160,rest,"[69, 69, 69]",mid-dark-solid__rrect-lg__rest,probe,ADMITTED_ARCHIVE
w43g1a,0.25,2,96,inactive,"[69, 69, 69]",mid-dark-solid__rrect-md__inactive,probe,ADMITTED_ARCHIVE
w43g1a,0.25,2,96,rest,"[69, 69, 69]",mid-dark-solid__rrect-md__rest,probe,ADMITTED_ARCHIVE
w43g1a,0.25,2,32,inactive,"[69, 69, 69]",mid-dark-solid__rrect-sm__inactive,probe,ADMITTED_ARCHIVE
w43g1a,0.25,2,32,rest,"[69, 69, 69]",mid-dark-solid__rrect-sm__rest,probe,ADMITTED_ARCHIVE
w43g1a,0.5,2,160,inactive,"[28, 28, 30]",dark-solid__rrect-lg__inactive,probe,ADMITTED_ARCHIVE
w43g1a,0.5,2,160,rest,"[28, 28, 30]",dark-solid__rrect-lg__rest,probe,ADMITTED_ARCHIVE
w43g1b,0.0,2,44,inactive,"[0, 0, 0]",a-g000-capsule-button__inactive,calibration,ADMITTED_ARCHIVE
w43g1b,0.0,2,44,rest,"[0, 0, 0]",a-g000-capsule-button__rest,calibration,ADMITTED_ARCHIVE
w43g1b,0.0,2,96,inactive,"[0, 0, 0]",a-g000-rrect-md__inactive,calibration,ADMITTED_ARCHIVE
w43g1b,0.0,2,96,rest,"[0, 0, 0]",a-g000-rrect-md__rest,calibration,ADMITTED_ARCHIVE
w43g1b,0.0,2,44,inactive,"[64, 64, 64]",a-g064-capsule-button__inactive,calibration,ADMITTED_ARCHIVE
w43g1b,0.0,2,44,rest,"[64, 64, 64]",a-g064-capsule-button__rest,calibration,ADMITTED_ARCHIVE
w43g1b,0.0,2,96,inactive,"[64, 64, 64]",a-g064-rrect-md__inactive,calibration,ADMITTED_ARCHIVE
w43g1b,0.0,2,96,rest,"[64, 64, 64]",a-g064-rrect-md__rest,calibration,ADMITTED_ARCHIVE
w43g1b,0.0,2,44,inactive,"[128, 128, 128]",a-g128-capsule-button__inactive,calibration,ADMITTED_ARCHIVE
w43g1b,0.0,2,44,rest,"[128, 128, 128]",a-g128-capsule-button__rest,calibration,ADMITTED_ARCHIVE
w43g1b,0.0,2,96,inactive,"[128, 128, 128]",a-g128-rrect-md__inactive,calibration,ADMITTED_ARCHIVE
w43g1b,0.0,2,96,rest,"[128, 128, 128]",a-g128-rrect-md__rest,calibration,ADMITTED_ARCHIVE
w43g1b,0.0,2,44,inactive,"[160, 160, 160]",a-g160-capsule-button__inactive,calibration,ADMITTED_ARCHIVE
w43g1b,0.0,2,44,rest,"[160, 160, 160]",a-g160-capsule-button__rest,calibration,ADMITTED_ARCHIVE
w43g1b,0.0,2,96,inactive,"[160, 160, 160]",a-g160-rrect-md__inactive,calibration,ADMITTED_ARCHIVE
w43g1b,0.0,2,96,rest,"[160, 160, 160]",a-g160-rrect-md__rest,calibration,ADMITTED_ARCHIVE
w43g1b,0.0,2,44,inactive,"[192, 192, 192]",a-g192-capsule-button__inactive,calibration,ADMITTED_ARCHIVE
w43g1b,0.0,2,44,rest,"[192, 192, 192]",a-g192-capsule-button__rest,calibration,ADMITTED_ARCHIVE
w43g1b,0.0,2,96,inactive,"[192, 192, 192]",a-g192-rrect-md__inactive,calibration,ADMITTED_ARCHIVE
w43g1b,0.0,2,96,rest,"[192, 192, 192]",a-g192-rrect-md__rest,calibration,ADMITTED_ARCHIVE
w43g1b,0.0,2,44,inactive,"[208, 208, 208]",a-g208-capsule-button__inactive,calibration,ADMITTED_ARCHIVE
w43g1b,0.0,2,44,rest,"[208, 208, 208]",a-g208-capsule-button__rest,calibration,ADMITTED_ARCHIVE
w43g1b,0.0,2,96,inactive,"[208, 208, 208]",a-g208-rrect-md__inactive,calibration,ADMITTED_ARCHIVE
w43g1b,0.0,2,96,rest,"[208, 208, 208]",a-g208-rrect-md__rest,calibration,ADMITTED_ARCHIVE
w43g1b,0.0,2,44,inactive,"[255, 255, 255]",a-g255-capsule-button__inactive,calibration,ADMITTED_ARCHIVE
w43g1b,0.0,2,44,rest,"[255, 255, 255]",a-g255-capsule-button__rest,calibration,ADMITTED_ARCHIVE
w43g1b,0.0,2,96,inactive,"[255, 255, 255]",a-g255-rrect-md__inactive,calibration,ADMITTED_ARCHIVE
w43g1b,0.0,2,96,rest,"[255, 255, 255]",a-g255-rrect-md__rest,calibration,ADMITTED_ARCHIVE
w43g1b,0.25,2,44,inactive,"[0, 0, 0]",a-g000-capsule-button__inactive,calibration,ADMITTED_ARCHIVE
w43g1b,0.25,2,44,rest,"[0, 0, 0]",a-g000-capsule-button__rest,calibration,ADMITTED_ARCHIVE
w43g1b,0.25,2,96,inactive,"[0, 0, 0]",a-g000-rrect-md__inactive,calibration,ADMITTED_ARCHIVE
w43g1b,0.25,2,96,rest,"[0, 0, 0]",a-g000-rrect-md__rest,calibration,ADMITTED_ARCHIVE
w43g1b,0.25,2,44,inactive,"[64, 64, 64]",a-g064-capsule-button__inactive,calibration,ADMITTED_ARCHIVE
w43g1b,0.25,2,44,rest,"[64, 64, 64]",a-g064-capsule-button__rest,calibration,ADMITTED_ARCHIVE
w43g1b,0.25,2,96,inactive,"[64, 64, 64]",a-g064-rrect-md__inactive,calibration,ADMITTED_ARCHIVE
w43g1b,0.25,2,96,rest,"[64, 64, 64]",a-g064-rrect-md__rest,calibration,ADMITTED_ARCHIVE
w43g1b,0.25,2,44,inactive,"[128, 128, 128]",a-g128-capsule-button__inactive,calibration,ADMITTED_ARCHIVE
w43g1b,0.25,2,44,rest,"[128, 128, 128]",a-g128-capsule-button__rest,calibration,ADMITTED_ARCHIVE
w43g1b,0.25,2,96,inactive,"[128, 128, 128]",a-g128-rrect-md__inactive,calibration,ADMITTED_ARCHIVE
w43g1b,0.25,2,96,rest,"[128, 128, 128]",a-g128-rrect-md__rest,calibration,ADMITTED_ARCHIVE
w43g1b,0.25,2,44,inactive,"[160, 160, 160]",a-g160-capsule-button__inactive,calibration,ADMITTED_ARCHIVE
w43g1b,0.25,2,44,rest,"[160, 160, 160]",a-g160-capsule-button__rest,calibration,ADMITTED_ARCHIVE
w43g1b,0.25,2,96,inactive,"[160, 160, 160]",a-g160-rrect-md__inactive,calibration,ADMITTED_ARCHIVE
w43g1b,0.25,2,96,rest,"[160, 160, 160]",a-g160-rrect-md__rest,calibration,ADMITTED_ARCHIVE
w43g1b,0.25,2,44,inactive,"[192, 192, 192]",a-g192-capsule-button__inactive,calibration,ADMITTED_ARCHIVE
w43g1b,0.25,2,44,rest,"[192, 192, 192]",a-g192-capsule-button__rest,calibration,ADMITTED_ARCHIVE
w43g1b,0.25,2,96,inactive,"[192, 192, 192]",a-g192-rrect-md__inactive,calibration,ADMITTED_ARCHIVE
w43g1b,0.25,2,96,rest,"[192, 192, 192]",a-g192-rrect-md__rest,calibration,ADMITTED_ARCHIVE
w43g1b,0.25,2,44,inactive,"[208, 208, 208]",a-g208-capsule-button__inactive,calibration,ADMITTED_ARCHIVE
w43g1b,0.25,2,44,rest,"[208, 208, 208]",a-g208-capsule-button__rest,calibration,ADMITTED_ARCHIVE
w43g1b,0.25,2,96,inactive,"[208, 208, 208]",a-g208-rrect-md__inactive,calibration,ADMITTED_ARCHIVE
w43g1b,0.25,2,96,rest,"[208, 208, 208]",a-g208-rrect-md__rest,calibration,ADMITTED_ARCHIVE
w43g1b,0.25,2,44,inactive,"[255, 255, 255]",a-g255-capsule-button__inactive,calibration,ADMITTED_ARCHIVE
w43g1b,0.25,2,44,rest,"[255, 255, 255]",a-g255-capsule-button__rest,calibration,ADMITTED_ARCHIVE
w43g1b,0.25,2,96,inactive,"[255, 255, 255]",a-g255-rrect-md__inactive,calibration,ADMITTED_ARCHIVE
w43g1b,0.25,2,96,rest,"[255, 255, 255]",a-g255-rrect-md__rest,calibration,ADMITTED_ARCHIVE
w43g1b,0.75,2,44,inactive,"[0, 0, 0]",a-g000-capsule-button__inactive,calibration,ADMITTED_ARCHIVE
w43g1b,0.75,2,44,rest,"[0, 0, 0]",a-g000-capsule-button__rest,calibration,ADMITTED_ARCHIVE
w43g1b,0.75,2,96,inactive,"[0, 0, 0]",a-g000-rrect-md__inactive,calibration,ADMITTED_ARCHIVE
w43g1b,0.75,2,96,rest,"[0, 0, 0]",a-g000-rrect-md__rest,calibration,ADMITTED_ARCHIVE
w43g1b,0.75,2,44,inactive,"[128, 128, 128]",a-g128-capsule-button__inactive,calibration,ADMITTED_ARCHIVE
w43g1b,0.75,2,44,rest,"[128, 128, 128]",a-g128-capsule-button__rest,calibration,ADMITTED_ARCHIVE
w43g1b,0.75,2,96,inactive,"[128, 128, 128]",a-g128-rrect-md__inactive,calibration,ADMITTED_ARCHIVE
w43g1b,0.75,2,96,rest,"[128, 128, 128]",a-g128-rrect-md__rest,calibration,ADMITTED_ARCHIVE
w43g1b,0.75,2,44,inactive,"[208, 208, 208]",a-g208-capsule-button__inactive,calibration,ADMITTED_ARCHIVE
w43g1b,0.75,2,44,rest,"[208, 208, 208]",a-g208-capsule-button__rest,calibration,ADMITTED_ARCHIVE
w43g1b,0.75,2,96,inactive,"[208, 208, 208]",a-g208-rrect-md__inactive,calibration,ADMITTED_ARCHIVE
w43g1b,0.75,2,96,rest,"[208, 208, 208]",a-g208-rrect-md__rest,calibration,ADMITTED_ARCHIVE
w43g1b,0.75,2,44,inactive,"[255, 255, 255]",a-g255-capsule-button__inactive,calibration,ADMITTED_ARCHIVE
w43g1b,0.75,2,44,rest,"[255, 255, 255]",a-g255-capsule-button__rest,calibration,ADMITTED_ARCHIVE
w43g1b,0.75,2,96,inactive,"[255, 255, 255]",a-g255-rrect-md__inactive,calibration,ADMITTED_ARCHIVE
w43g1b,0.75,2,96,rest,"[255, 255, 255]",a-g255-rrect-md__rest,calibration,ADMITTED_ARCHIVE
w43g1b,1.0,2,44,inactive,"[0, 0, 0]",a-g000-capsule-button__inactive,calibration,ADMITTED_ARCHIVE
w43g1b,1.0,2,44,rest,"[0, 0, 0]",a-g000-capsule-button__rest,calibration,ADMITTED_ARCHIVE
w43g1b,1.0,2,96,inactive,"[0, 0, 0]",a-g000-rrect-md__inactive,calibration,ADMITTED_ARCHIVE
w43g1b,1.0,2,96,rest,"[0, 0, 0]",a-g000-rrect-md__rest,calibration,ADMITTED_ARCHIVE
w43g1b,1.0,2,44,inactive,"[64, 64, 64]",a-g064-capsule-button__inactive,calibration,ADMITTED_ARCHIVE
w43g1b,1.0,2,44,rest,"[64, 64, 64]",a-g064-capsule-button__rest,calibration,ADMITTED_ARCHIVE
w43g1b,1.0,2,96,inactive,"[64, 64, 64]",a-g064-rrect-md__inactive,calibration,ADMITTED_ARCHIVE
w43g1b,1.0,2,96,rest,"[64, 64, 64]",a-g064-rrect-md__rest,calibration,ADMITTED_ARCHIVE
w43g1b,1.0,2,44,inactive,"[128, 128, 128]",a-g128-capsule-button__inactive,calibration,ADMITTED_ARCHIVE
w43g1b,1.0,2,44,rest,"[128, 128, 128]",a-g128-capsule-button__rest,calibration,ADMITTED_ARCHIVE
w43g1b,1.0,2,96,inactive,"[128, 128, 128]",a-g128-rrect-md__inactive,calibration,ADMITTED_ARCHIVE
w43g1b,1.0,2,96,rest,"[128, 128, 128]",a-g128-rrect-md__rest,calibration,ADMITTED_ARCHIVE
w43g1b,1.0,2,44,inactive,"[160, 160, 160]",a-g160-capsule-button__inactive,calibration,ADMITTED_ARCHIVE
w43g1b,1.0,2,44,rest,"[160, 160, 160]",a-g160-capsule-button__rest,calibration,ADMITTED_ARCHIVE
w43g1b,1.0,2,96,inactive,"[160, 160, 160]",a-g160-rrect-md__inactive,calibration,ADMITTED_ARCHIVE
w43g1b,1.0,2,96,rest,"[160, 160, 160]",a-g160-rrect-md__rest,calibration,ADMITTED_ARCHIVE
w43g1b,1.0,2,44,inactive,"[192, 192, 192]",a-g192-capsule-button__inactive,calibration,ADMITTED_ARCHIVE
w43g1b,1.0,2,44,rest,"[192, 192, 192]",a-g192-capsule-button__rest,calibration,ADMITTED_ARCHIVE
w43g1b,1.0,2,96,inactive,"[192, 192, 192]",a-g192-rrect-md__inactive,calibration,ADMITTED_ARCHIVE
w43g1b,1.0,2,96,rest,"[192, 192, 192]",a-g192-rrect-md__rest,calibration,ADMITTED_ARCHIVE
w43g1b,1.0,2,44,inactive,"[208, 208, 208]",a-g208-capsule-button__inactive,calibration,ADMITTED_ARCHIVE
w43g1b,1.0,2,44,rest,"[208, 208, 208]",a-g208-capsule-button__rest,calibration,ADMITTED_ARCHIVE
w43g1b,1.0,2,96,inactive,"[208, 208, 208]",a-g208-rrect-md__inactive,calibration,ADMITTED_ARCHIVE
w43g1b,1.0,2,96,rest,"[208, 208, 208]",a-g208-rrect-md__rest,calibration,ADMITTED_ARCHIVE
w43g1b,1.0,2,44,inactive,"[255, 255, 255]",a-g255-capsule-button__inactive,calibration,ADMITTED_ARCHIVE
w43g1b,1.0,2,44,rest,"[255, 255, 255]",a-g255-capsule-button__rest,calibration,ADMITTED_ARCHIVE
w43g1b,1.0,2,96,inactive,"[255, 255, 255]",a-g255-rrect-md__inactive,calibration,ADMITTED_ARCHIVE
w43g1b,1.0,2,96,rest,"[255, 255, 255]",a-g255-rrect-md__rest,calibration,ADMITTED_ARCHIVE
