family,endpoint,scale,method,role,population,cells,failedCells,medianFailedChannels,medianRailFailures,allChannelFailedCells,repeatFailedChannels,repeatRailFailures,maximumCodes,repeatMaximumCodes,maximumRailDeficitCodes,worstCell,worstChannel
E3,dark-active,1,globalMinimax,calibration,colour,51,4,5,0,0,35,0,1.0103897404560342,1.0103897404560342,0.0,apple-macos-27.0-1x-dark-standard-glass0.5/factor-y2-c24-h60-colour__rest,B
E3,dark-active,1,globalMinimax,calibration,thick-transfer,2,0,0,0,0,0,0,0.0,0.0,0.0,apple-macos-27.0-1x-dark-standard-glass0.5/g128-c-capsule-circular-120x64__rest,R
E3,dark-active,1,globalMinimax,validation,colour,6,0,0,0,0,0,0,0.9370800989356951,0.9370800989356951,0.0,apple-macos-27.0-1x-dark-standard-glass0.5/transfer-h210-colour__rest,G
E3,dark-active,1,globalMinimax,validation,thick-transfer,3,3,9,0,3,63,0,13.0,13.0,0.0,apple-macos-27.0-1x-dark-standard-glass0.5/g128-c-capsule-circular-120x96__rest,R
E3,dark-active,1,leastSquares,calibration,colour,51,2,2,0,0,14,0,1.087556738904837,1.087556738904837,0.0,apple-macos-27.0-1x-dark-standard-glass0.5/factor-y2-c24-h60-colour__rest,B
E3,dark-active,1,leastSquares,calibration,thick-transfer,2,0,0,0,0,0,0,0.0,0.0,0.0,apple-macos-27.0-1x-dark-standard-glass0.5/g128-c-capsule-circular-120x64__rest,R
E3,dark-active,1,leastSquares,validation,colour,6,0,0,0,0,0,0,0.851368482702,0.851368482702,0.0,apple-macos-27.0-1x-dark-standard-glass0.5/transfer-h210-colour__rest,G
E3,dark-active,1,leastSquares,validation,thick-transfer,3,3,9,0,3,63,0,13.0,13.0,0.0,apple-macos-27.0-1x-dark-standard-glass0.5/g128-c-capsule-circular-120x96__rest,R
E3,dark-active,2,globalMinimax,calibration,colour,51,4,5,0,0,35,0,1.0103897404560342,1.0103897404560342,0.0,apple-macos-27.0-2x-dark-standard-glass0.5/factor-y2-c24-h60-colour__rest,B
E3,dark-active,2,globalMinimax,calibration,thick-transfer,2,0,0,0,0,0,0,0.0,0.0,0.0,apple-macos-27.0-2x-dark-standard-glass0.5/g128-c-capsule-circular-120x64__rest,R
E3,dark-active,2,globalMinimax,validation,colour,6,0,0,0,0,0,0,0.9370800989356951,0.9370800989356951,0.0,apple-macos-27.0-2x-dark-standard-glass0.5/transfer-h210-colour__rest,G
E3,dark-active,2,globalMinimax,validation,thick-transfer,3,3,9,0,3,63,0,13.0,13.0,0.0,apple-macos-27.0-2x-dark-standard-glass0.5/g128-c-capsule-circular-120x96__rest,R
E3,dark-active,2,leastSquares,calibration,colour,51,2,2,0,0,14,0,1.087556738904837,1.087556738904837,0.0,apple-macos-27.0-2x-dark-standard-glass0.5/factor-y2-c24-h60-colour__rest,B
E3,dark-active,2,leastSquares,calibration,thick-transfer,2,0,0,0,0,0,0,0.0,0.0,0.0,apple-macos-27.0-2x-dark-standard-glass0.5/g128-c-capsule-circular-120x64__rest,R
E3,dark-active,2,leastSquares,validation,colour,6,0,0,0,0,0,0,0.851368482702,0.851368482702,0.0,apple-macos-27.0-2x-dark-standard-glass0.5/transfer-h210-colour__rest,G
E3,dark-active,2,leastSquares,validation,thick-transfer,3,3,9,0,3,63,0,13.0,13.0,0.0,apple-macos-27.0-2x-dark-standard-glass0.5/g128-c-capsule-circular-120x96__rest,R
E3,dark-inactive,1,globalMinimax,calibration,colour,51,14,16,0,0,112,0,1.4255235428723267,1.4255235428723267,0.0,apple-macos-27.0-1x-dark-standard-glass0.5/factor-y2-c24-h60-colour__inactive,R
E3,dark-inactive,1,globalMinimax,calibration,thick-transfer,2,0,0,0,0,0,0,0.0,0.0,0.0,apple-macos-27.0-1x-dark-standard-glass0.5/g128-c-capsule-circular-120x64__inactive,R
E3,dark-inactive,1,globalMinimax,validation,colour,6,0,0,0,0,0,0,0.9438910987205844,0.9438910987205844,0.0,apple-macos-27.0-1x-dark-standard-glass0.5/transfer-h210-colour__inactive,R
E3,dark-inactive,1,globalMinimax,validation,thick-transfer,3,3,9,0,3,63,0,13.0,13.0,0.0,apple-macos-27.0-1x-dark-standard-glass0.5/g128-c-capsule-circular-120x96__inactive,R
E3,dark-inactive,1,leastSquares,calibration,colour,51,6,7,0,0,49,0,1.5379425309424448,1.5379425309424448,0.0,apple-macos-27.0-1x-dark-standard-glass0.5/factor-y2-c24-h60-colour__inactive,R
E3,dark-inactive,1,leastSquares,calibration,thick-transfer,2,0,0,0,0,0,0,0.0,0.0,0.0,apple-macos-27.0-1x-dark-standard-glass0.5/g128-c-capsule-circular-120x64__inactive,R
E3,dark-inactive,1,leastSquares,validation,colour,6,0,0,0,0,0,0,0.47733068170994386,0.47733068170994386,0.0,apple-macos-27.0-1x-dark-standard-glass0.5/transfer-h330-colour__inactive,B
E3,dark-inactive,1,leastSquares,validation,thick-transfer,3,3,9,0,3,63,0,13.0,13.0,0.0,apple-macos-27.0-1x-dark-standard-glass0.5/g128-c-capsule-circular-120x96__inactive,R
E3,dark-inactive,2,globalMinimax,calibration,colour,51,14,16,0,0,112,0,1.4255235428723267,1.4255235428723267,0.0,apple-macos-27.0-2x-dark-standard-glass0.5/factor-y2-c24-h60-colour__inactive,R
E3,dark-inactive,2,globalMinimax,calibration,thick-transfer,2,0,0,0,0,0,0,0.0,0.0,0.0,apple-macos-27.0-2x-dark-standard-glass0.5/g128-c-capsule-circular-120x64__inactive,R
E3,dark-inactive,2,globalMinimax,validation,colour,6,0,0,0,0,0,0,0.9438910987205844,0.9438910987205844,0.0,apple-macos-27.0-2x-dark-standard-glass0.5/transfer-h210-colour__inactive,R
E3,dark-inactive,2,globalMinimax,validation,thick-transfer,3,3,9,0,3,63,0,13.0,13.0,0.0,apple-macos-27.0-2x-dark-standard-glass0.5/g128-c-capsule-circular-120x96__inactive,R
E3,dark-inactive,2,leastSquares,calibration,colour,51,6,7,0,0,49,0,1.5379425309424448,1.5379425309424448,0.0,apple-macos-27.0-2x-dark-standard-glass0.5/factor-y2-c24-h60-colour__inactive,R
E3,dark-inactive,2,leastSquares,calibration,thick-transfer,2,0,0,0,0,0,0,0.0,0.0,0.0,apple-macos-27.0-2x-dark-standard-glass0.5/g128-c-capsule-circular-120x64__inactive,R
E3,dark-inactive,2,leastSquares,validation,colour,6,0,0,0,0,0,0,0.47733068170994386,0.47733068170994386,0.0,apple-macos-27.0-2x-dark-standard-glass0.5/transfer-h330-colour__inactive,B
E3,dark-inactive,2,leastSquares,validation,thick-transfer,3,3,9,0,3,63,0,13.0,13.0,0.0,apple-macos-27.0-2x-dark-standard-glass0.5/g128-c-capsule-circular-120x96__inactive,R
E3,light-active,1,globalMinimax,calibration,colour,51,0,0,0,0,0,0,0.6182924316441927,0.6182924316441927,0.0,apple-macos-27.0-1x-light-standard-glass0.5/factor-y1-c24-h60-colour__rest,R
E3,light-active,1,globalMinimax,calibration,thick-transfer,2,0,0,0,0,0,0,0.0,0.0,0.0,apple-macos-27.0-1x-light-standard-glass0.5/g128-c-capsule-circular-120x64__rest,R
E3,light-active,1,globalMinimax,validation,colour,6,0,0,0,0,0,0,0.6886964480714823,0.6886964480714823,0.0,apple-macos-27.0-1x-light-standard-glass0.5/transfer-h30-colour__rest,R
E3,light-active,1,globalMinimax,validation,thick-transfer,3,3,9,0,3,63,0,3.0,3.0,0.0,apple-macos-27.0-1x-light-standard-glass0.5/g128-c-capsule-circular-120x96__rest,R
E3,light-active,1,leastSquares,calibration,colour,51,0,0,0,0,0,0,0.7089208284257609,0.7089208284257609,0.0,apple-macos-27.0-1x-light-standard-glass0.5/factor-y1-c24-h60-colour__rest,R
E3,light-active,1,leastSquares,calibration,thick-transfer,2,0,0,0,0,0,0,0.0,0.0,0.0,apple-macos-27.0-1x-light-standard-glass0.5/g128-c-capsule-circular-120x64__rest,R
E3,light-active,1,leastSquares,validation,colour,6,0,0,0,0,0,0,0.7793152289492014,0.7793152289492014,0.0,apple-macos-27.0-1x-light-standard-glass0.5/transfer-h30-colour__rest,R
E3,light-active,1,leastSquares,validation,thick-transfer,3,3,9,0,3,63,0,3.0,3.0,0.0,apple-macos-27.0-1x-light-standard-glass0.5/g128-c-capsule-circular-120x96__rest,R
E3,light-active,1,survivalWitness,calibration,colour,51,0,0,0,0,0,0,1.0,1.0,0.0,apple-macos-27.0-1x-light-standard-glass0.5/green-colour__rest,R
E3,light-active,1,survivalWitness,calibration,thick-transfer,2,0,0,0,0,0,0,0.0,0.0,0.0,apple-macos-27.0-1x-light-standard-glass0.5/g128-c-capsule-circular-120x64__rest,R
E3,light-active,1,survivalWitness,validation,colour,6,0,0,0,0,0,0,0.6241208657760637,0.6241208657760637,0.0,apple-macos-27.0-1x-light-standard-glass0.5/transfer-h30-colour__rest,B
E3,light-active,1,survivalWitness,validation,thick-transfer,3,3,9,0,3,63,0,3.0,3.0,0.0,apple-macos-27.0-1x-light-standard-glass0.5/g128-c-capsule-circular-120x96__rest,R
E3,light-active,2,globalMinimax,calibration,colour,51,0,0,0,0,0,0,0.6182924316441927,0.6182924316441927,0.0,apple-macos-27.0-2x-light-standard-glass0.5/factor-y1-c24-h60-colour__rest,R
E3,light-active,2,globalMinimax,calibration,thick-transfer,2,0,0,0,0,0,0,0.0,0.0,0.0,apple-macos-27.0-2x-light-standard-glass0.5/g128-c-capsule-circular-120x64__rest,R
E3,light-active,2,globalMinimax,validation,colour,6,0,0,0,0,0,0,0.6886964480714823,0.6886964480714823,0.0,apple-macos-27.0-2x-light-standard-glass0.5/transfer-h30-colour__rest,R
E3,light-active,2,globalMinimax,validation,thick-transfer,3,3,9,0,3,63,0,3.0,3.0,0.0,apple-macos-27.0-2x-light-standard-glass0.5/g128-c-capsule-circular-120x96__rest,R
E3,light-active,2,leastSquares,calibration,colour,51,0,0,0,0,0,0,0.7089208284257609,0.7089208284257609,0.0,apple-macos-27.0-2x-light-standard-glass0.5/factor-y1-c24-h60-colour__rest,R
E3,light-active,2,leastSquares,calibration,thick-transfer,2,0,0,0,0,0,0,0.0,0.0,0.0,apple-macos-27.0-2x-light-standard-glass0.5/g128-c-capsule-circular-120x64__rest,R
E3,light-active,2,leastSquares,validation,colour,6,0,0,0,0,0,0,0.7793152289492014,0.7793152289492014,0.0,apple-macos-27.0-2x-light-standard-glass0.5/transfer-h30-colour__rest,R
E3,light-active,2,leastSquares,validation,thick-transfer,3,3,9,0,3,63,0,3.0,3.0,0.0,apple-macos-27.0-2x-light-standard-glass0.5/g128-c-capsule-circular-120x96__rest,R
E3,light-active,2,survivalWitness,calibration,colour,51,0,0,0,0,0,0,1.0,1.0,0.0,apple-macos-27.0-2x-light-standard-glass0.5/green-colour__rest,R
E3,light-active,2,survivalWitness,calibration,thick-transfer,2,0,0,0,0,0,0,0.0,0.0,0.0,apple-macos-27.0-2x-light-standard-glass0.5/g128-c-capsule-circular-120x64__rest,R
E3,light-active,2,survivalWitness,validation,colour,6,0,0,0,0,0,0,0.6241208657760637,0.6241208657760637,0.0,apple-macos-27.0-2x-light-standard-glass0.5/transfer-h30-colour__rest,B
E3,light-active,2,survivalWitness,validation,thick-transfer,3,3,9,0,3,63,0,3.0,3.0,0.0,apple-macos-27.0-2x-light-standard-glass0.5/g128-c-capsule-circular-120x96__rest,R
E3,light-inactive,1,globalMinimax,calibration,colour,51,0,0,0,0,0,0,0.8323554076898176,0.8323554076898176,0.0,apple-macos-27.0-1x-light-standard-glass0.5/factor-y0-c24-h300-colour__inactive,G
E3,light-inactive,1,globalMinimax,calibration,thick-transfer,2,0,0,0,0,0,0,0.0,0.0,0.0,apple-macos-27.0-1x-light-standard-glass0.5/g128-c-capsule-circular-120x64__inactive,R
E3,light-inactive,1,globalMinimax,validation,colour,6,0,0,0,0,0,0,0.646500241079849,0.646500241079849,0.0,apple-macos-27.0-1x-light-standard-glass0.5/transfer-h150-colour__inactive,R
E3,light-inactive,1,globalMinimax,validation,thick-transfer,3,0,0,0,0,0,0,0.0,0.0,0.0,apple-macos-27.0-1x-light-standard-glass0.5/g128-c-capsule-circular-120x96__inactive,R
E3,light-inactive,1,leastSquares,calibration,colour,51,0,0,0,0,0,0,0.9252340218768609,0.9252340218768609,0.0,apple-macos-27.0-1x-light-standard-glass0.5/green-colour__inactive,G
E3,light-inactive,1,leastSquares,calibration,thick-transfer,2,0,0,0,0,0,0,0.0,0.0,0.0,apple-macos-27.0-1x-light-standard-glass0.5/g128-c-capsule-circular-120x64__inactive,R
E3,light-inactive,1,leastSquares,validation,colour,6,0,0,0,0,0,0,0.5791756529035581,0.5791756529035581,0.0,apple-macos-27.0-1x-light-standard-glass0.5/transfer-h270-colour__inactive,R
E3,light-inactive,1,leastSquares,validation,thick-transfer,3,0,0,0,0,0,0,0.0,0.0,0.0,apple-macos-27.0-1x-light-standard-glass0.5/g128-c-capsule-circular-120x96__inactive,R
E3,light-inactive,1,survivalWitness,calibration,colour,51,0,0,0,0,0,0,1.0,1.0,0.0,apple-macos-27.0-1x-light-standard-glass0.5/factor-y1-c24-h300-colour__inactive,B
E3,light-inactive,1,survivalWitness,calibration,thick-transfer,2,0,0,0,0,0,0,0.0,0.0,0.0,apple-macos-27.0-1x-light-standard-glass0.5/g128-c-capsule-circular-120x64__inactive,R
E3,light-inactive,1,survivalWitness,validation,colour,6,0,0,0,0,0,0,0.7319970226779162,0.7319970226779162,0.0,apple-macos-27.0-1x-light-standard-glass0.5/transfer-h270-colour__inactive,B
E3,light-inactive,1,survivalWitness,validation,thick-transfer,3,0,0,0,0,0,0,0.0,0.0,0.0,apple-macos-27.0-1x-light-standard-glass0.5/g128-c-capsule-circular-120x96__inactive,R
E3,light-inactive,2,globalMinimax,calibration,colour,51,0,0,0,0,0,0,0.8323554076898176,0.8323554076898176,0.0,apple-macos-27.0-2x-light-standard-glass0.5/factor-y0-c24-h300-colour__inactive,G
E3,light-inactive,2,globalMinimax,calibration,thick-transfer,2,0,0,0,0,0,0,0.0,0.0,0.0,apple-macos-27.0-2x-light-standard-glass0.5/g128-c-capsule-circular-120x64__inactive,R
E3,light-inactive,2,globalMinimax,validation,colour,6,0,0,0,0,0,0,0.646500241079849,0.646500241079849,0.0,apple-macos-27.0-2x-light-standard-glass0.5/transfer-h150-colour__inactive,R
E3,light-inactive,2,globalMinimax,validation,thick-transfer,3,0,0,0,0,0,0,0.0,0.0,0.0,apple-macos-27.0-2x-light-standard-glass0.5/g128-c-capsule-circular-120x96__inactive,R
E3,light-inactive,2,leastSquares,calibration,colour,51,0,0,0,0,0,0,0.9252340218768609,0.9252340218768609,0.0,apple-macos-27.0-2x-light-standard-glass0.5/green-colour__inactive,G
E3,light-inactive,2,leastSquares,calibration,thick-transfer,2,0,0,0,0,0,0,0.0,0.0,0.0,apple-macos-27.0-2x-light-standard-glass0.5/g128-c-capsule-circular-120x64__inactive,R
E3,light-inactive,2,leastSquares,validation,colour,6,0,0,0,0,0,0,0.5791756529035581,0.5791756529035581,0.0,apple-macos-27.0-2x-light-standard-glass0.5/transfer-h270-colour__inactive,R
E3,light-inactive,2,leastSquares,validation,thick-transfer,3,0,0,0,0,0,0,0.0,0.0,0.0,apple-macos-27.0-2x-light-standard-glass0.5/g128-c-capsule-circular-120x96__inactive,R
E3,light-inactive,2,survivalWitness,calibration,colour,51,0,0,0,0,0,0,1.0,1.0,0.0,apple-macos-27.0-2x-light-standard-glass0.5/factor-y1-c24-h300-colour__inactive,B
E3,light-inactive,2,survivalWitness,calibration,thick-transfer,2,0,0,0,0,0,0,0.0,0.0,0.0,apple-macos-27.0-2x-light-standard-glass0.5/g128-c-capsule-circular-120x64__inactive,R
E3,light-inactive,2,survivalWitness,validation,colour,6,0,0,0,0,0,0,0.7319970226779162,0.7319970226779162,0.0,apple-macos-27.0-2x-light-standard-glass0.5/transfer-h270-colour__inactive,B
E3,light-inactive,2,survivalWitness,validation,thick-transfer,3,0,0,0,0,0,0,0.0,0.0,0.0,apple-macos-27.0-2x-light-standard-glass0.5/g128-c-capsule-circular-120x96__inactive,R
EH6,dark-active,1,globalMinimax,calibration,colour,51,27,36,0,1,252,0,2.3939774500750275,2.3939774500750275,0.0,apple-macos-27.0-1x-dark-standard-glass0.5/factor-y1-c24-h300-colour__rest,B
EH6,dark-active,1,globalMinimax,calibration,thick-transfer,2,0,0,0,0,0,0,0.0,0.0,0.0,apple-macos-27.0-1x-dark-standard-glass0.5/g128-c-capsule-circular-120x64__rest,R
EH6,dark-active,1,globalMinimax,validation,colour,6,1,1,0,0,7,0,1.554284453326062,1.554284453326062,0.0,apple-macos-27.0-1x-dark-standard-glass0.5/transfer-h210-colour__rest,R
EH6,dark-active,1,globalMinimax,validation,thick-transfer,3,3,9,0,3,63,0,13.0,13.0,0.0,apple-macos-27.0-1x-dark-standard-glass0.5/g128-c-capsule-circular-120x96__rest,R
EH6,dark-active,1,leastSquares,calibration,colour,51,13,15,0,0,105,0,2.9096093948436703,2.9096093948436703,0.0,apple-macos-27.0-1x-dark-standard-glass0.5/matched-channel-1-colour__rest,B
EH6,dark-active,1,leastSquares,calibration,thick-transfer,2,0,0,0,0,0,0,0.0,0.0,0.0,apple-macos-27.0-1x-dark-standard-glass0.5/g128-c-capsule-circular-120x64__rest,R
EH6,dark-active,1,leastSquares,validation,colour,6,0,0,0,0,0,0,0.9239376394576198,0.9239376394576198,0.0,apple-macos-27.0-1x-dark-standard-glass0.5/transfer-h210-colour__rest,R
EH6,dark-active,1,leastSquares,validation,thick-transfer,3,3,9,0,3,63,0,13.0,13.0,0.0,apple-macos-27.0-1x-dark-standard-glass0.5/g128-c-capsule-circular-120x96__rest,R
EH6,dark-active,2,globalMinimax,calibration,colour,51,27,36,0,1,252,0,2.3939774500750275,2.3939774500750275,0.0,apple-macos-27.0-2x-dark-standard-glass0.5/factor-y1-c24-h300-colour__rest,B
EH6,dark-active,2,globalMinimax,calibration,thick-transfer,2,0,0,0,0,0,0,0.0,0.0,0.0,apple-macos-27.0-2x-dark-standard-glass0.5/g128-c-capsule-circular-120x64__rest,R
EH6,dark-active,2,globalMinimax,validation,colour,6,1,1,0,0,7,0,1.554284453326062,1.554284453326062,0.0,apple-macos-27.0-2x-dark-standard-glass0.5/transfer-h210-colour__rest,R
EH6,dark-active,2,globalMinimax,validation,thick-transfer,3,3,9,0,3,63,0,13.0,13.0,0.0,apple-macos-27.0-2x-dark-standard-glass0.5/g128-c-capsule-circular-120x96__rest,R
EH6,dark-active,2,leastSquares,calibration,colour,51,13,15,0,0,105,0,2.9096093948436703,2.9096093948436703,0.0,apple-macos-27.0-2x-dark-standard-glass0.5/matched-channel-1-colour__rest,B
EH6,dark-active,2,leastSquares,calibration,thick-transfer,2,0,0,0,0,0,0,0.0,0.0,0.0,apple-macos-27.0-2x-dark-standard-glass0.5/g128-c-capsule-circular-120x64__rest,R
EH6,dark-active,2,leastSquares,validation,colour,6,0,0,0,0,0,0,0.9239376394576198,0.9239376394576198,0.0,apple-macos-27.0-2x-dark-standard-glass0.5/transfer-h210-colour__rest,R
EH6,dark-active,2,leastSquares,validation,thick-transfer,3,3,9,0,3,63,0,13.0,13.0,0.0,apple-macos-27.0-2x-dark-standard-glass0.5/g128-c-capsule-circular-120x96__rest,R
EH6,dark-inactive,1,globalMinimax,calibration,colour,51,18,21,0,0,147,0,1.6773509413343959,1.6773509413343959,0.0,apple-macos-27.0-1x-dark-standard-glass0.5/green-colour__inactive,R
EH6,dark-inactive,1,globalMinimax,calibration,thick-transfer,2,0,0,0,0,0,0,0.0,0.0,0.0,apple-macos-27.0-1x-dark-standard-glass0.5/g128-c-capsule-circular-120x64__inactive,R
EH6,dark-inactive,1,globalMinimax,validation,colour,6,0,0,0,0,0,0,0.8723405023300757,0.8723405023300757,0.0,apple-macos-27.0-1x-dark-standard-glass0.5/transfer-h150-colour__inactive,B
EH6,dark-inactive,1,globalMinimax,validation,thick-transfer,3,3,9,0,3,63,0,13.0,13.0,0.0,apple-macos-27.0-1x-dark-standard-glass0.5/g128-c-capsule-circular-120x96__inactive,R
EH6,dark-inactive,1,leastSquares,calibration,colour,51,10,10,0,0,70,0,2.126602377887238,2.126602377887238,0.0,apple-macos-27.0-1x-dark-standard-glass0.5/matched-channel-1-colour__inactive,B
EH6,dark-inactive,1,leastSquares,calibration,thick-transfer,2,0,0,0,0,0,0,0.0,0.0,0.0,apple-macos-27.0-1x-dark-standard-glass0.5/g128-c-capsule-circular-120x64__inactive,R
EH6,dark-inactive,1,leastSquares,validation,colour,6,0,0,0,0,0,0,0.8791476354466141,0.8791476354466141,0.0,apple-macos-27.0-1x-dark-standard-glass0.5/transfer-h150-colour__inactive,B
EH6,dark-inactive,1,leastSquares,validation,thick-transfer,3,3,9,0,3,63,0,13.0,13.0,0.0,apple-macos-27.0-1x-dark-standard-glass0.5/g128-c-capsule-circular-120x96__inactive,R
EH6,dark-inactive,2,globalMinimax,calibration,colour,51,18,21,0,0,147,0,1.6773509413343959,1.6773509413343959,0.0,apple-macos-27.0-2x-dark-standard-glass0.5/green-colour__inactive,R
EH6,dark-inactive,2,globalMinimax,calibration,thick-transfer,2,0,0,0,0,0,0,0.0,0.0,0.0,apple-macos-27.0-2x-dark-standard-glass0.5/g128-c-capsule-circular-120x64__inactive,R
EH6,dark-inactive,2,globalMinimax,validation,colour,6,0,0,0,0,0,0,0.8723405023300757,0.8723405023300757,0.0,apple-macos-27.0-2x-dark-standard-glass0.5/transfer-h150-colour__inactive,B
EH6,dark-inactive,2,globalMinimax,validation,thick-transfer,3,3,9,0,3,63,0,13.0,13.0,0.0,apple-macos-27.0-2x-dark-standard-glass0.5/g128-c-capsule-circular-120x96__inactive,R
EH6,dark-inactive,2,leastSquares,calibration,colour,51,10,10,0,0,70,0,2.126602377887238,2.126602377887238,0.0,apple-macos-27.0-2x-dark-standard-glass0.5/matched-channel-1-colour__inactive,B
EH6,dark-inactive,2,leastSquares,calibration,thick-transfer,2,0,0,0,0,0,0,0.0,0.0,0.0,apple-macos-27.0-2x-dark-standard-glass0.5/g128-c-capsule-circular-120x64__inactive,R
EH6,dark-inactive,2,leastSquares,validation,colour,6,0,0,0,0,0,0,0.8791476354466141,0.8791476354466141,0.0,apple-macos-27.0-2x-dark-standard-glass0.5/transfer-h150-colour__inactive,B
EH6,dark-inactive,2,leastSquares,validation,thick-transfer,3,3,9,0,3,63,0,13.0,13.0,0.0,apple-macos-27.0-2x-dark-standard-glass0.5/g128-c-capsule-circular-120x96__inactive,R
EH6,light-active,1,globalMinimax,calibration,colour,51,0,0,0,0,0,0,0.6151674881434701,0.6151674881434701,0.0,apple-macos-27.0-1x-light-standard-glass0.5/factor-y1-c12-h180-colour__rest,R
EH6,light-active,1,globalMinimax,calibration,thick-transfer,2,0,0,0,0,0,0,0.0,0.0,0.0,apple-macos-27.0-1x-light-standard-glass0.5/g128-c-capsule-circular-120x64__rest,R
EH6,light-active,1,globalMinimax,validation,colour,6,0,0,0,0,0,0,0.6201842203819865,0.6201842203819865,0.0,apple-macos-27.0-1x-light-standard-glass0.5/transfer-h30-colour__rest,R
EH6,light-active,1,globalMinimax,validation,thick-transfer,3,3,9,0,3,63,0,3.0,3.0,0.0,apple-macos-27.0-1x-light-standard-glass0.5/g128-c-capsule-circular-120x96__rest,R
EH6,light-active,1,leastSquares,calibration,colour,51,0,0,0,0,0,0,0.6812947124848847,0.6812947124848847,0.0,apple-macos-27.0-1x-light-standard-glass0.5/matched-channel-3-colour__rest,B
EH6,light-active,1,leastSquares,calibration,thick-transfer,2,0,0,0,0,0,0,0.0,0.0,0.0,apple-macos-27.0-1x-light-standard-glass0.5/g128-c-capsule-circular-120x64__rest,R
EH6,light-active,1,leastSquares,validation,colour,6,0,0,0,0,0,0,0.6549777946244717,0.6549777946244717,0.0,apple-macos-27.0-1x-light-standard-glass0.5/transfer-h30-colour__rest,R
EH6,light-active,1,leastSquares,validation,thick-transfer,3,3,9,0,3,63,0,3.0,3.0,0.0,apple-macos-27.0-1x-light-standard-glass0.5/g128-c-capsule-circular-120x96__rest,R
EH6,light-active,1,survivalWitness,calibration,colour,51,0,0,0,0,0,0,1.0,1.0,0.0,apple-macos-27.0-1x-light-standard-glass0.5/factor-y2-c24-h300-colour__rest,B
EH6,light-active,1,survivalWitness,calibration,thick-transfer,2,0,0,0,0,0,0,0.0,0.0,0.0,apple-macos-27.0-1x-light-standard-glass0.5/g128-c-capsule-circular-120x64__rest,R
EH6,light-active,1,survivalWitness,validation,colour,6,0,0,0,0,0,0,0.6922453552665218,0.6922453552665218,0.0,apple-macos-27.0-1x-light-standard-glass0.5/transfer-h30-colour__rest,B
EH6,light-active,1,survivalWitness,validation,thick-transfer,3,3,9,0,3,63,0,3.0,3.0,0.0,apple-macos-27.0-1x-light-standard-glass0.5/g128-c-capsule-circular-120x96__rest,R
EH6,light-active,2,globalMinimax,calibration,colour,51,0,0,0,0,0,0,0.6151674881434701,0.6151674881434701,0.0,apple-macos-27.0-2x-light-standard-glass0.5/factor-y1-c12-h180-colour__rest,R
EH6,light-active,2,globalMinimax,calibration,thick-transfer,2,0,0,0,0,0,0,0.0,0.0,0.0,apple-macos-27.0-2x-light-standard-glass0.5/g128-c-capsule-circular-120x64__rest,R
EH6,light-active,2,globalMinimax,validation,colour,6,0,0,0,0,0,0,0.6201842203819865,0.6201842203819865,0.0,apple-macos-27.0-2x-light-standard-glass0.5/transfer-h30-colour__rest,R
EH6,light-active,2,globalMinimax,validation,thick-transfer,3,3,9,0,3,63,0,3.0,3.0,0.0,apple-macos-27.0-2x-light-standard-glass0.5/g128-c-capsule-circular-120x96__rest,R
EH6,light-active,2,leastSquares,calibration,colour,51,0,0,0,0,0,0,0.6812947124848847,0.6812947124848847,0.0,apple-macos-27.0-2x-light-standard-glass0.5/matched-channel-3-colour__rest,B
EH6,light-active,2,leastSquares,calibration,thick-transfer,2,0,0,0,0,0,0,0.0,0.0,0.0,apple-macos-27.0-2x-light-standard-glass0.5/g128-c-capsule-circular-120x64__rest,R
EH6,light-active,2,leastSquares,validation,colour,6,0,0,0,0,0,0,0.6549777946244717,0.6549777946244717,0.0,apple-macos-27.0-2x-light-standard-glass0.5/transfer-h30-colour__rest,R
EH6,light-active,2,leastSquares,validation,thick-transfer,3,3,9,0,3,63,0,3.0,3.0,0.0,apple-macos-27.0-2x-light-standard-glass0.5/g128-c-capsule-circular-120x96__rest,R
EH6,light-active,2,survivalWitness,calibration,colour,51,0,0,0,0,0,0,1.0,1.0,0.0,apple-macos-27.0-2x-light-standard-glass0.5/factor-y2-c24-h300-colour__rest,B
EH6,light-active,2,survivalWitness,calibration,thick-transfer,2,0,0,0,0,0,0,0.0,0.0,0.0,apple-macos-27.0-2x-light-standard-glass0.5/g128-c-capsule-circular-120x64__rest,R
EH6,light-active,2,survivalWitness,validation,colour,6,0,0,0,0,0,0,0.6922453552665218,0.6922453552665218,0.0,apple-macos-27.0-2x-light-standard-glass0.5/transfer-h30-colour__rest,B
EH6,light-active,2,survivalWitness,validation,thick-transfer,3,3,9,0,3,63,0,3.0,3.0,0.0,apple-macos-27.0-2x-light-standard-glass0.5/g128-c-capsule-circular-120x96__rest,R
EH6,light-inactive,1,globalMinimax,calibration,colour,51,0,0,0,0,0,0,0.8325893424084256,0.8325893424084256,0.0,apple-macos-27.0-1x-light-standard-glass0.5/factor-y0-c12-h0-colour__inactive,G
EH6,light-inactive,1,globalMinimax,calibration,thick-transfer,2,0,0,0,0,0,0,0.0,0.0,0.0,apple-macos-27.0-1x-light-standard-glass0.5/g128-c-capsule-circular-120x64__inactive,R
EH6,light-inactive,1,globalMinimax,validation,colour,6,0,0,0,0,0,0,0.5844913672320615,0.5844913672320615,0.0,apple-macos-27.0-1x-light-standard-glass0.5/transfer-h270-colour__inactive,R
EH6,light-inactive,1,globalMinimax,validation,thick-transfer,3,0,0,0,0,0,0,0.0,0.0,0.0,apple-macos-27.0-1x-light-standard-glass0.5/g128-c-capsule-circular-120x96__inactive,R
EH6,light-inactive,1,leastSquares,calibration,colour,51,0,0,0,0,0,0,0.9633174562053455,0.9633174562053455,0.0,apple-macos-27.0-1x-light-standard-glass0.5/green-colour__inactive,G
EH6,light-inactive,1,leastSquares,calibration,thick-transfer,2,0,0,0,0,0,0,0.0,0.0,0.0,apple-macos-27.0-1x-light-standard-glass0.5/g128-c-capsule-circular-120x64__inactive,R
EH6,light-inactive,1,leastSquares,validation,colour,6,0,0,0,0,0,0,0.6273641661715317,0.6273641661715317,0.0,apple-macos-27.0-1x-light-standard-glass0.5/transfer-h270-colour__inactive,R
EH6,light-inactive,1,leastSquares,validation,thick-transfer,3,0,0,0,0,0,0,0.0,0.0,0.0,apple-macos-27.0-1x-light-standard-glass0.5/g128-c-capsule-circular-120x96__inactive,R
EH6,light-inactive,1,survivalWitness,calibration,colour,51,0,0,0,0,0,0,1.0,1.0,0.0,apple-macos-27.0-1x-light-standard-glass0.5/factor-y0-c24-h240-colour__inactive,B
EH6,light-inactive,1,survivalWitness,calibration,thick-transfer,2,0,0,0,0,0,0,0.0,0.0,0.0,apple-macos-27.0-1x-light-standard-glass0.5/g128-c-capsule-circular-120x64__inactive,R
EH6,light-inactive,1,survivalWitness,validation,colour,6,0,0,0,0,0,0,0.5985023351535119,0.5985023351535119,0.0,apple-macos-27.0-1x-light-standard-glass0.5/transfer-h270-colour__inactive,B
EH6,light-inactive,1,survivalWitness,validation,thick-transfer,3,0,0,0,0,0,0,0.0,0.0,0.0,apple-macos-27.0-1x-light-standard-glass0.5/g128-c-capsule-circular-120x96__inactive,R
EH6,light-inactive,2,globalMinimax,calibration,colour,51,0,0,0,0,0,0,0.8325893424084256,0.8325893424084256,0.0,apple-macos-27.0-2x-light-standard-glass0.5/factor-y0-c12-h0-colour__inactive,G
EH6,light-inactive,2,globalMinimax,calibration,thick-transfer,2,0,0,0,0,0,0,0.0,0.0,0.0,apple-macos-27.0-2x-light-standard-glass0.5/g128-c-capsule-circular-120x64__inactive,R
EH6,light-inactive,2,globalMinimax,validation,colour,6,0,0,0,0,0,0,0.5844913672320615,0.5844913672320615,0.0,apple-macos-27.0-2x-light-standard-glass0.5/transfer-h270-colour__inactive,R
EH6,light-inactive,2,globalMinimax,validation,thick-transfer,3,0,0,0,0,0,0,0.0,0.0,0.0,apple-macos-27.0-2x-light-standard-glass0.5/g128-c-capsule-circular-120x96__inactive,R
EH6,light-inactive,2,leastSquares,calibration,colour,51,0,0,0,0,0,0,0.9633174562053455,0.9633174562053455,0.0,apple-macos-27.0-2x-light-standard-glass0.5/green-colour__inactive,G
EH6,light-inactive,2,leastSquares,calibration,thick-transfer,2,0,0,0,0,0,0,0.0,0.0,0.0,apple-macos-27.0-2x-light-standard-glass0.5/g128-c-capsule-circular-120x64__inactive,R
EH6,light-inactive,2,leastSquares,validation,colour,6,0,0,0,0,0,0,0.6273641661715317,0.6273641661715317,0.0,apple-macos-27.0-2x-light-standard-glass0.5/transfer-h270-colour__inactive,R
EH6,light-inactive,2,leastSquares,validation,thick-transfer,3,0,0,0,0,0,0,0.0,0.0,0.0,apple-macos-27.0-2x-light-standard-glass0.5/g128-c-capsule-circular-120x96__inactive,R
EH6,light-inactive,2,survivalWitness,calibration,colour,51,0,0,0,0,0,0,1.0,1.0,0.0,apple-macos-27.0-2x-light-standard-glass0.5/factor-y0-c24-h240-colour__inactive,B
EH6,light-inactive,2,survivalWitness,calibration,thick-transfer,2,0,0,0,0,0,0,0.0,0.0,0.0,apple-macos-27.0-2x-light-standard-glass0.5/g128-c-capsule-circular-120x64__inactive,R
EH6,light-inactive,2,survivalWitness,validation,colour,6,0,0,0,0,0,0,0.5985023351535119,0.5985023351535119,0.0,apple-macos-27.0-2x-light-standard-glass0.5/transfer-h270-colour__inactive,B
EH6,light-inactive,2,survivalWitness,validation,thick-transfer,3,0,0,0,0,0,0,0.0,0.0,0.0,apple-macos-27.0-2x-light-standard-glass0.5/g128-c-capsule-circular-120x96__inactive,R
O12,dark-active,1,leastSquares,calibration,colour,51,12,17,0,2,119,0,26.216800338215762,26.216800338215762,0.0,apple-macos-27.0-1x-dark-standard-glass0.5/red-colour__rest,R
O12,dark-active,1,leastSquares,calibration,thick-transfer,2,0,0,0,0,0,0,5.456382154989114e-07,5.456382154989114e-07,0.0,apple-macos-27.0-1x-dark-standard-glass0.5/g128-c-capsule-circular-120x64__rest,B
O12,dark-active,1,leastSquares,validation,colour,6,3,3,0,0,21,0,1.1357263637703738,1.1357263637703738,0.0,apple-macos-27.0-1x-dark-standard-glass0.5/transfer-h150-colour__rest,G
O12,dark-active,1,leastSquares,validation,thick-transfer,3,3,9,0,3,63,0,13.000000545638215,13.000000545638215,0.0,apple-macos-27.0-1x-dark-standard-glass0.5/g128-c-capsule-circular-120x96__rest,B
O12,dark-active,1,localMinimax,calibration,colour,51,26,38,0,2,266,0,22.0,22.0,0.0,apple-macos-27.0-1x-dark-standard-glass0.5/green-colour__rest,R
O12,dark-active,1,localMinimax,calibration,thick-transfer,2,0,0,0,0,0,0,6.781972672342818e-07,6.781972672342818e-07,0.0,apple-macos-27.0-1x-dark-standard-glass0.5/g128-c-capsule-circular-120x64__rest,R
O12,dark-active,1,localMinimax,validation,colour,6,3,3,0,0,21,0,1.767971354339977,1.767971354339977,0.0,apple-macos-27.0-1x-dark-standard-glass0.5/transfer-h90-colour__rest,B
O12,dark-active,1,localMinimax,validation,thick-transfer,3,3,9,0,3,63,0,13.000000678197267,13.000000678197267,0.0,apple-macos-27.0-1x-dark-standard-glass0.5/g128-c-capsule-circular-120x96__rest,R
O12,dark-active,2,leastSquares,calibration,colour,51,12,17,0,2,119,0,26.216800338215762,26.216800338215762,0.0,apple-macos-27.0-2x-dark-standard-glass0.5/red-colour__rest,R
O12,dark-active,2,leastSquares,calibration,thick-transfer,2,0,0,0,0,0,0,5.456382154989114e-07,5.456382154989114e-07,0.0,apple-macos-27.0-2x-dark-standard-glass0.5/g128-c-capsule-circular-120x64__rest,B
O12,dark-active,2,leastSquares,validation,colour,6,3,3,0,0,21,0,1.1357263637703738,1.1357263637703738,0.0,apple-macos-27.0-2x-dark-standard-glass0.5/transfer-h150-colour__rest,G
O12,dark-active,2,leastSquares,validation,thick-transfer,3,3,9,0,3,63,0,13.000000545638215,13.000000545638215,0.0,apple-macos-27.0-2x-dark-standard-glass0.5/g128-c-capsule-circular-120x96__rest,B
O12,dark-active,2,localMinimax,calibration,colour,51,26,38,0,2,266,0,22.0,22.0,0.0,apple-macos-27.0-2x-dark-standard-glass0.5/green-colour__rest,R
O12,dark-active,2,localMinimax,calibration,thick-transfer,2,0,0,0,0,0,0,6.781972672342818e-07,6.781972672342818e-07,0.0,apple-macos-27.0-2x-dark-standard-glass0.5/g128-c-capsule-circular-120x64__rest,R
O12,dark-active,2,localMinimax,validation,colour,6,3,3,0,0,21,0,1.767971354339977,1.767971354339977,0.0,apple-macos-27.0-2x-dark-standard-glass0.5/transfer-h90-colour__rest,B
O12,dark-active,2,localMinimax,validation,thick-transfer,3,3,9,0,3,63,0,13.000000678197267,13.000000678197267,0.0,apple-macos-27.0-2x-dark-standard-glass0.5/g128-c-capsule-circular-120x96__rest,R
O12,dark-inactive,1,leastSquares,calibration,colour,51,21,27,0,2,189,0,29.653547323551976,29.653547323551976,0.0,apple-macos-27.0-1x-dark-standard-glass0.5/red-colour__inactive,R
O12,dark-inactive,1,leastSquares,calibration,thick-transfer,2,0,0,0,0,0,0,1.5205046821620272e-06,1.5205046821620272e-06,0.0,apple-macos-27.0-1x-dark-standard-glass0.5/g128-c-capsule-circular-120x64__inactive,B
O12,dark-inactive,1,leastSquares,validation,colour,6,0,0,0,0,0,0,0.8888526795028469,0.8888526795028469,0.0,apple-macos-27.0-1x-dark-standard-glass0.5/transfer-h330-colour__inactive,R
O12,dark-inactive,1,leastSquares,validation,thick-transfer,3,3,9,0,3,63,0,13.000000788505673,13.000000788505673,0.0,apple-macos-27.0-1x-dark-standard-glass0.5/g128-c-capsule-circular-120x96__inactive,G
O12,dark-inactive,1,localMinimax,calibration,colour,51,35,49,0,3,343,0,25.283014344778636,25.283014344778636,0.0,apple-macos-27.0-1x-dark-standard-glass0.5/red-colour__inactive,B
O12,dark-inactive,1,localMinimax,calibration,thick-transfer,2,0,0,0,0,0,0,7.543828957068399e-07,7.543828957068399e-07,0.0,apple-macos-27.0-1x-dark-standard-glass0.5/g128-c-capsule-circular-120x64__inactive,R
O12,dark-inactive,1,localMinimax,validation,colour,6,2,2,0,0,14,0,2.096212628719826,2.096212628719826,0.0,apple-macos-27.0-1x-dark-standard-glass0.5/transfer-h330-colour__inactive,B
O12,dark-inactive,1,localMinimax,validation,thick-transfer,3,3,9,0,3,63,0,13.000000754382896,13.000000754382896,0.0,apple-macos-27.0-1x-dark-standard-glass0.5/g128-c-capsule-circular-120x96__inactive,R
O12,dark-inactive,2,leastSquares,calibration,colour,51,21,27,0,2,189,0,29.653547323551976,29.653547323551976,0.0,apple-macos-27.0-2x-dark-standard-glass0.5/red-colour__inactive,R
O12,dark-inactive,2,leastSquares,calibration,thick-transfer,2,0,0,0,0,0,0,1.5205046821620272e-06,1.5205046821620272e-06,0.0,apple-macos-27.0-2x-dark-standard-glass0.5/g128-c-capsule-circular-120x64__inactive,B
O12,dark-inactive,2,leastSquares,validation,colour,6,0,0,0,0,0,0,0.8888526795028469,0.8888526795028469,0.0,apple-macos-27.0-2x-dark-standard-glass0.5/transfer-h330-colour__inactive,R
O12,dark-inactive,2,leastSquares,validation,thick-transfer,3,3,9,0,3,63,0,13.000000788505673,13.000000788505673,0.0,apple-macos-27.0-2x-dark-standard-glass0.5/g128-c-capsule-circular-120x96__inactive,G
O12,dark-inactive,2,localMinimax,calibration,colour,51,35,49,0,3,343,0,25.283014344778636,25.283014344778636,0.0,apple-macos-27.0-2x-dark-standard-glass0.5/red-colour__inactive,B
O12,dark-inactive,2,localMinimax,calibration,thick-transfer,2,0,0,0,0,0,0,7.543828957068399e-07,7.543828957068399e-07,0.0,apple-macos-27.0-2x-dark-standard-glass0.5/g128-c-capsule-circular-120x64__inactive,R
O12,dark-inactive,2,localMinimax,validation,colour,6,2,2,0,0,14,0,2.096212628719826,2.096212628719826,0.0,apple-macos-27.0-2x-dark-standard-glass0.5/transfer-h330-colour__inactive,B
O12,dark-inactive,2,localMinimax,validation,thick-transfer,3,3,9,0,3,63,0,13.000000754382896,13.000000754382896,0.0,apple-macos-27.0-2x-dark-standard-glass0.5/g128-c-capsule-circular-120x96__inactive,R
O12,light-active,1,leastSquares,calibration,colour,51,7,9,0,0,63,0,1.4514010509130344,1.4514010509130344,0.0,apple-macos-27.0-1x-light-standard-glass0.5/factor-y2-c24-h0-colour__rest,G
O12,light-active,1,leastSquares,calibration,thick-transfer,2,0,0,0,0,0,0,7.600213365321906e-06,7.600213365321906e-06,0.0,apple-macos-27.0-1x-light-standard-glass0.5/g128-c-capsule-circular-120x64__rest,B
O12,light-active,1,leastSquares,validation,colour,6,0,0,0,0,0,0,0.9499525881465445,0.9499525881465445,0.0,apple-macos-27.0-1x-light-standard-glass0.5/transfer-h30-colour__rest,R
O12,light-active,1,leastSquares,validation,thick-transfer,3,3,9,0,3,63,0,3.0000034758158733,3.0000034758158733,0.0,apple-macos-27.0-1x-light-standard-glass0.5/g128-c-capsule-circular-120x96__rest,R
O12,light-active,1,localMinimax,calibration,colour,51,14,22,0,1,154,0,1.3358381387002112,1.3358381387002112,0.0,apple-macos-27.0-1x-light-standard-glass0.5/green-colour__rest,R
O12,light-active,1,localMinimax,calibration,thick-transfer,2,0,0,0,0,0,0,7.671190246583137e-06,7.671190246583137e-06,0.0,apple-macos-27.0-1x-light-standard-glass0.5/g128-c-capsule-circular-120x64__rest,B
O12,light-active,1,localMinimax,validation,colour,6,1,1,0,0,7,0,1.3056403778643642,1.3056403778643642,0.0,apple-macos-27.0-1x-light-standard-glass0.5/transfer-h30-colour__rest,R
O12,light-active,1,localMinimax,validation,thick-transfer,3,3,9,0,3,63,0,3.0000037391329784,3.0000037391329784,0.0,apple-macos-27.0-1x-light-standard-glass0.5/g128-c-capsule-circular-120x96__rest,R
O12,light-active,2,leastSquares,calibration,colour,51,7,9,0,0,63,0,1.4514010509130344,1.4514010509130344,0.0,apple-macos-27.0-2x-light-standard-glass0.5/factor-y2-c24-h0-colour__rest,G
O12,light-active,2,leastSquares,calibration,thick-transfer,2,0,0,0,0,0,0,7.600213365321906e-06,7.600213365321906e-06,0.0,apple-macos-27.0-2x-light-standard-glass0.5/g128-c-capsule-circular-120x64__rest,B
O12,light-active,2,leastSquares,validation,colour,6,0,0,0,0,0,0,0.9499525881465445,0.9499525881465445,0.0,apple-macos-27.0-2x-light-standard-glass0.5/transfer-h30-colour__rest,R
O12,light-active,2,leastSquares,validation,thick-transfer,3,3,9,0,3,63,0,3.0000034758158733,3.0000034758158733,0.0,apple-macos-27.0-2x-light-standard-glass0.5/g128-c-capsule-circular-120x96__rest,R
O12,light-active,2,localMinimax,calibration,colour,51,14,22,0,1,154,0,1.3358381387002112,1.3358381387002112,0.0,apple-macos-27.0-2x-light-standard-glass0.5/green-colour__rest,R
O12,light-active,2,localMinimax,calibration,thick-transfer,2,0,0,0,0,0,0,7.671190246583137e-06,7.671190246583137e-06,0.0,apple-macos-27.0-2x-light-standard-glass0.5/g128-c-capsule-circular-120x64__rest,B
O12,light-active,2,localMinimax,validation,colour,6,1,1,0,0,7,0,1.3056403778643642,1.3056403778643642,0.0,apple-macos-27.0-2x-light-standard-glass0.5/transfer-h30-colour__rest,R
O12,light-active,2,localMinimax,validation,thick-transfer,3,3,9,0,3,63,0,3.0000037391329784,3.0000037391329784,0.0,apple-macos-27.0-2x-light-standard-glass0.5/g128-c-capsule-circular-120x96__rest,R
O12,light-inactive,1,leastSquares,calibration,colour,51,13,14,0,0,98,0,2.671198319309269,2.671198319309269,0.0,apple-macos-27.0-1x-light-standard-glass0.5/green-colour__inactive,G
O12,light-inactive,1,leastSquares,calibration,thick-transfer,2,0,0,0,0,0,0,7.234779531017921e-06,7.234779531017921e-06,0.0,apple-macos-27.0-1x-light-standard-glass0.5/g128-c-capsule-circular-120x64__inactive,B
O12,light-inactive,1,leastSquares,validation,colour,6,2,2,0,0,14,0,1.0243124629458293,1.0243124629458293,0.0,apple-macos-27.0-1x-light-standard-glass0.5/transfer-h30-colour__inactive,G
O12,light-inactive,1,leastSquares,validation,thick-transfer,3,0,0,0,0,0,0,7.234779531017921e-06,7.234779531017921e-06,0.0,apple-macos-27.0-1x-light-standard-glass0.5/g128-c-capsule-circular-120x96__inactive,B
O12,light-inactive,1,localMinimax,calibration,colour,51,25,40,0,4,280,0,2.3272152388771303,2.3272152388771303,0.0,apple-macos-27.0-1x-light-standard-glass0.5/green-colour__inactive,R
O12,light-inactive,1,localMinimax,calibration,thick-transfer,2,0,0,0,0,0,0,6.847432103995743e-06,6.847432103995743e-06,0.0,apple-macos-27.0-1x-light-standard-glass0.5/g128-c-capsule-circular-120x64__inactive,B
O12,light-inactive,1,localMinimax,validation,colour,6,2,2,0,0,14,0,1.2080127995334067,1.2080127995334067,0.0,apple-macos-27.0-1x-light-standard-glass0.5/transfer-h330-colour__inactive,G
O12,light-inactive,1,localMinimax,validation,thick-transfer,3,0,0,0,0,0,0,6.847432103995743e-06,6.847432103995743e-06,0.0,apple-macos-27.0-1x-light-standard-glass0.5/g128-c-capsule-circular-120x96__inactive,B
O12,light-inactive,2,leastSquares,calibration,colour,51,13,14,0,0,98,0,2.671198319309269,2.671198319309269,0.0,apple-macos-27.0-2x-light-standard-glass0.5/green-colour__inactive,G
O12,light-inactive,2,leastSquares,calibration,thick-transfer,2,0,0,0,0,0,0,7.234779531017921e-06,7.234779531017921e-06,0.0,apple-macos-27.0-2x-light-standard-glass0.5/g128-c-capsule-circular-120x64__inactive,B
O12,light-inactive,2,leastSquares,validation,colour,6,2,2,0,0,14,0,1.0243124629458293,1.0243124629458293,0.0,apple-macos-27.0-2x-light-standard-glass0.5/transfer-h30-colour__inactive,G
O12,light-inactive,2,leastSquares,validation,thick-transfer,3,0,0,0,0,0,0,7.234779531017921e-06,7.234779531017921e-06,0.0,apple-macos-27.0-2x-light-standard-glass0.5/g128-c-capsule-circular-120x96__inactive,B
O12,light-inactive,2,localMinimax,calibration,colour,51,25,40,0,4,280,0,2.3272152388771303,2.3272152388771303,0.0,apple-macos-27.0-2x-light-standard-glass0.5/green-colour__inactive,R
O12,light-inactive,2,localMinimax,calibration,thick-transfer,2,0,0,0,0,0,0,6.847432103995743e-06,6.847432103995743e-06,0.0,apple-macos-27.0-2x-light-standard-glass0.5/g128-c-capsule-circular-120x64__inactive,B
O12,light-inactive,2,localMinimax,validation,colour,6,2,2,0,0,14,0,1.2080127995334067,1.2080127995334067,0.0,apple-macos-27.0-2x-light-standard-glass0.5/transfer-h330-colour__inactive,G
O12,light-inactive,2,localMinimax,validation,thick-transfer,3,0,0,0,0,0,0,6.847432103995743e-06,6.847432103995743e-06,0.0,apple-macos-27.0-2x-light-standard-glass0.5/g128-c-capsule-circular-120x96__inactive,B
