subset,scheme,pose,thickness,predictor,n,uniqueX,rms
all,dark,active,thick,source,40,10,0.0022056124389242216
all,dark,active,thick,body,40,20,0.0029539126786721224
all,dark,active,thick,silhouette,40,20,0.002401796618910325
all,dark,active,thick,dilated/0,40,20,0.002401796618910325
all,dark,active,thick,gaussian/0,40,20,0.0029539126786721224
all,dark,active,thick,dilated/0.03125,40,19,0.0027250257698148727
all,dark,active,thick,gaussian/0.03125,40,20,0.0029539126786721224
all,dark,active,thick,dilated/0.0625,40,20,0.0027218378579580474
all,dark,active,thick,gaussian/0.0625,40,20,0.0029539126786721224
all,dark,active,thick,dilated/0.125,40,20,0.002073738117481294
all,dark,active,thick,gaussian/0.125,40,20,0.002473416717804205
all,dark,active,thick,dilated/0.25,40,20,0.002089550409762261
all,dark,active,thick,gaussian/0.25,40,20,0.0020694959996911495
all,dark,active,thick,dilated/0.5,40,18,0.00217987959046602
all,dark,active,thick,gaussian/0.5,40,20,0.0021671693900989835
all,dark,active,thick,dilated/1,40,14,0.0022056124389242216
all,dark,active,thick,gaussian/1,40,20,0.0021847345366403466
all,dark,active,thin,source,45,10,0.14329785598416062
all,dark,active,thin,body,45,15,0.14170291678173821
all,dark,active,thin,silhouette,45,15,0.14329784771823548
all,dark,active,thin,dilated/0,45,15,0.14329784771823548
all,dark,active,thin,gaussian/0,45,15,0.14170291678173821
all,dark,active,thin,dilated/0.03125,45,16,0.14329784778628987
all,dark,active,thin,gaussian/0.03125,45,15,0.14170291678173821
all,dark,active,thin,dilated/0.0625,45,14,0.14329784826400355
all,dark,active,thin,gaussian/0.0625,45,16,0.14170291678173821
all,dark,active,thin,dilated/0.125,45,16,0.14329785598416062
all,dark,active,thin,gaussian/0.125,45,16,0.14170291678173821
all,dark,active,thin,dilated/0.25,45,16,0.14329785598416062
all,dark,active,thin,gaussian/0.25,45,16,0.14316994490449766
all,dark,active,thin,dilated/0.5,45,16,0.14329785598416062
all,dark,active,thin,gaussian/0.5,45,16,0.14329784826400355
all,dark,active,thin,dilated/1,45,16,0.14325651498460254
all,dark,active,thin,gaussian/1,45,16,0.14329784819594915
all,dark,inactive,thick,source,22,5,0.00293657945677677
all,dark,inactive,thick,body,22,15,0.002381130662113982
all,dark,inactive,thick,silhouette,22,15,0.0023811283799119376
all,dark,inactive,thick,dilated/0,22,15,0.0023811283799119376
all,dark,inactive,thick,gaussian/0,22,15,0.002381130662113982
all,dark,inactive,thick,dilated/0.03125,22,14,0.0029364869524149155
all,dark,inactive,thick,gaussian/0.03125,22,15,0.002381127646070605
all,dark,inactive,thick,dilated/0.0625,22,15,0.0029364869524149155
all,dark,inactive,thick,gaussian/0.0625,22,15,0.002381127646070605
all,dark,inactive,thick,dilated/0.125,22,15,0.00293657945677677
all,dark,inactive,thick,gaussian/0.125,22,15,0.002381127646070605
all,dark,inactive,thick,dilated/0.25,22,15,0.00293657945677677
all,dark,inactive,thick,gaussian/0.25,22,15,0.00293657945677677
all,dark,inactive,thick,dilated/0.5,22,13,0.00293657945677677
all,dark,inactive,thick,gaussian/0.5,22,15,0.00293657945677677
all,dark,inactive,thick,dilated/1,22,9,0.00293657945677677
all,dark,inactive,thick,gaussian/1,22,15,0.00293657945677677
all,dark,inactive,thin,source,14,4,0.0438443771284967
all,dark,inactive,thin,body,14,5,0.04384437712411506
all,dark,inactive,thin,silhouette,14,5,0.04384437712411506
all,dark,inactive,thin,dilated/0,14,5,0.04384437712411506
all,dark,inactive,thin,gaussian/0,14,5,0.04384437712411506
all,dark,inactive,thin,dilated/0.03125,14,5,0.0438443771284967
all,dark,inactive,thin,gaussian/0.03125,14,5,0.04384437712411506
all,dark,inactive,thin,dilated/0.0625,14,5,0.0438443771284967
all,dark,inactive,thin,gaussian/0.0625,14,5,0.04384437712411506
all,dark,inactive,thin,dilated/0.125,14,5,0.04384437712411506
all,dark,inactive,thin,gaussian/0.125,14,5,0.04384437712411506
all,dark,inactive,thin,dilated/0.25,14,5,0.04384437712411506
all,dark,inactive,thin,gaussian/0.25,14,5,0.0438443771284967
all,dark,inactive,thin,dilated/0.5,14,5,0.04384437712411506
all,dark,inactive,thin,gaussian/0.5,14,5,0.0438443771284967
all,dark,inactive,thin,dilated/1,14,5,0.04384437712411506
all,dark,inactive,thin,gaussian/1,14,5,0.04384437712411506
all,light,active,thick,source,82,12,0.095122224318176
all,light,active,thick,body,82,26,0.09902091179323425
all,light,active,thick,silhouette,82,26,0.09916278149898747
all,light,active,thick,dilated/0,82,26,0.09916278149898747
all,light,active,thick,gaussian/0,82,26,0.09902091179323425
all,light,active,thick,dilated/0.03125,82,25,0.09914380646822282
all,light,active,thick,gaussian/0.03125,82,26,0.09902090961432464
all,light,active,thick,dilated/0.0625,82,26,0.09914380650294297
all,light,active,thick,gaussian/0.0625,82,26,0.09902090961432464
all,light,active,thick,dilated/0.125,82,26,0.09656493848908719
all,light,active,thick,gaussian/0.125,82,26,0.09902176730336323
all,light,active,thick,dilated/0.25,82,26,0.09818912369207002
all,light,active,thick,gaussian/0.25,82,26,0.09917349561397756
all,light,active,thick,dilated/0.5,82,24,0.09797555868287691
all,light,active,thick,gaussian/0.5,82,26,0.09647350806536523
all,light,active,thick,dilated/1,82,18,0.09723800518299783
all,light,active,thick,gaussian/1,82,26,0.09721498206723009
all,light,active,thin,source,102,12,0.1924303980952044
all,light,active,thin,body,102,23,0.18307019780414707
all,light,active,thin,silhouette,102,23,0.1795257670915192
all,light,active,thin,dilated/0,102,23,0.1795257670915192
all,light,active,thin,gaussian/0,102,23,0.18307019780414707
all,light,active,thin,dilated/0.03125,102,24,0.1796905431255809
all,light,active,thin,gaussian/0.03125,102,23,0.18307019780414707
all,light,active,thin,dilated/0.0625,102,22,0.17977925076590362
all,light,active,thin,gaussian/0.0625,102,24,0.18307019780414707
all,light,active,thin,dilated/0.125,102,24,0.17819083061160504
all,light,active,thin,gaussian/0.125,102,24,0.18301220537702317
all,light,active,thin,dilated/0.25,102,24,0.1779979201388139
all,light,active,thin,gaussian/0.25,102,24,0.1822887900161271
all,light,active,thin,dilated/0.5,102,24,0.1789207074315113
all,light,active,thin,gaussian/0.5,102,24,0.1798513741705525
all,light,active,thin,dilated/1,102,24,0.19109497048395346
all,light,active,thin,gaussian/1,102,24,0.18561753542452622
all,light,inactive,thick,source,42,7,0.1268780833734692
all,light,inactive,thick,body,42,19,0.13374600811746476
all,light,inactive,thick,silhouette,42,19,0.13374606065421907
all,light,inactive,thick,dilated/0,42,19,0.13374606065421907
all,light,inactive,thick,gaussian/0,42,19,0.13374600811746476
all,light,inactive,thick,dilated/0.03125,42,18,0.1336312340667452
all,light,inactive,thick,gaussian/0.03125,42,19,0.13374600804996836
all,light,inactive,thick,dilated/0.0625,42,19,0.1336312340667452
all,light,inactive,thick,gaussian/0.0625,42,19,0.13374600804996836
all,light,inactive,thick,dilated/0.125,42,19,0.13066058200303293
all,light,inactive,thick,gaussian/0.125,42,19,0.13374600804996836
all,light,inactive,thick,dilated/0.25,42,19,0.13068452721135956
all,light,inactive,thick,gaussian/0.25,42,19,0.13363123883856215
all,light,inactive,thick,dilated/0.5,42,17,0.1322718936184882
all,light,inactive,thick,gaussian/0.5,42,19,0.13066056146968608
all,light,inactive,thick,dilated/1,42,13,0.13063874666557682
all,light,inactive,thick,gaussian/1,42,19,0.1304274937570592
all,light,inactive,thin,source,51,6,0.1658015755057582
all,light,inactive,thin,body,51,13,0.1717493626506658
all,light,inactive,thin,silhouette,51,13,0.17174936739647173
all,light,inactive,thin,dilated/0,51,13,0.17174936739647173
all,light,inactive,thin,gaussian/0,51,13,0.1717493626506658
all,light,inactive,thin,dilated/0.03125,51,13,0.17174936726551815
all,light,inactive,thin,gaussian/0.03125,51,13,0.1717493626506658
all,light,inactive,thin,dilated/0.0625,51,13,0.17174936726551815
all,light,inactive,thin,gaussian/0.0625,51,13,0.1717493626506658
all,light,inactive,thin,dilated/0.125,51,13,0.17174936739647173
all,light,inactive,thin,gaussian/0.125,51,13,0.1717493626506658
all,light,inactive,thin,dilated/0.25,51,13,0.17287223876691976
all,light,inactive,thin,gaussian/0.25,51,13,0.17174936726551815
all,light,inactive,thin,dilated/0.5,51,13,0.17287223876691976
all,light,inactive,thin,gaussian/0.5,51,13,0.17174936726551815
all,light,inactive,thin,dilated/1,51,13,0.17313431615512212
all,light,inactive,thin,gaussian/1,51,13,0.17313431615512212
clean-standard,dark,active,thick,source,40,10,0.0022056124389242216
clean-standard,dark,active,thick,body,40,20,0.0029539126786721224
clean-standard,dark,active,thick,silhouette,40,20,0.002401796618910325
clean-standard,dark,active,thick,dilated/0,40,20,0.002401796618910325
clean-standard,dark,active,thick,gaussian/0,40,20,0.0029539126786721224
clean-standard,dark,active,thick,dilated/0.03125,40,19,0.0027250257698148727
clean-standard,dark,active,thick,gaussian/0.03125,40,20,0.0029539126786721224
clean-standard,dark,active,thick,dilated/0.0625,40,20,0.0027218378579580474
clean-standard,dark,active,thick,gaussian/0.0625,40,20,0.0029539126786721224
clean-standard,dark,active,thick,dilated/0.125,40,20,0.002073738117481294
clean-standard,dark,active,thick,gaussian/0.125,40,20,0.002473416717804205
clean-standard,dark,active,thick,dilated/0.25,40,20,0.002089550409762261
clean-standard,dark,active,thick,gaussian/0.25,40,20,0.0020694959996911495
clean-standard,dark,active,thick,dilated/0.5,40,18,0.00217987959046602
clean-standard,dark,active,thick,gaussian/0.5,40,20,0.0021671693900989835
clean-standard,dark,active,thick,dilated/1,40,14,0.0022056124389242216
clean-standard,dark,active,thick,gaussian/1,40,20,0.0021847345366403466
clean-standard,dark,active,thin,source,29,10,0.01653255581354687
clean-standard,dark,active,thin,body,29,15,0.005908818012211999
clean-standard,dark,active,thin,silhouette,29,15,0.008292302895940991
clean-standard,dark,active,thin,dilated/0,29,15,0.008292302895940991
clean-standard,dark,active,thin,gaussian/0,29,15,0.005908818012211999
clean-standard,dark,active,thin,dilated/0.03125,29,16,0.00829159871040997
clean-standard,dark,active,thin,gaussian/0.03125,29,15,0.00590884709071896
clean-standard,dark,active,thin,dilated/0.0625,29,14,0.008292317530739647
clean-standard,dark,active,thin,gaussian/0.0625,29,16,0.00590884709071896
clean-standard,dark,active,thin,dilated/0.125,29,16,0.008292524544392938
clean-standard,dark,active,thin,gaussian/0.125,29,16,0.005908818012211999
clean-standard,dark,active,thin,dilated/0.25,29,16,0.010280108317178266
clean-standard,dark,active,thin,gaussian/0.25,29,16,0.005499203854024257
clean-standard,dark,active,thin,dilated/0.5,29,16,0.012729342793658407
clean-standard,dark,active,thin,gaussian/0.5,29,16,0.008292317530739647
clean-standard,dark,active,thin,dilated/1,29,16,0.016355109542558706
clean-standard,dark,active,thin,gaussian/1,29,16,0.012332794095511045
clean-standard,dark,inactive,thick,source,22,5,0.00293657945677677
clean-standard,dark,inactive,thick,body,22,15,0.002381130662113982
clean-standard,dark,inactive,thick,silhouette,22,15,0.0023811283799119376
clean-standard,dark,inactive,thick,dilated/0,22,15,0.0023811283799119376
clean-standard,dark,inactive,thick,gaussian/0,22,15,0.002381130662113982
clean-standard,dark,inactive,thick,dilated/0.03125,22,14,0.0029364869524149155
clean-standard,dark,inactive,thick,gaussian/0.03125,22,15,0.002381127646070605
clean-standard,dark,inactive,thick,dilated/0.0625,22,15,0.0029364869524149155
clean-standard,dark,inactive,thick,gaussian/0.0625,22,15,0.002381127646070605
clean-standard,dark,inactive,thick,dilated/0.125,22,15,0.00293657945677677
clean-standard,dark,inactive,thick,gaussian/0.125,22,15,0.002381127646070605
clean-standard,dark,inactive,thick,dilated/0.25,22,15,0.00293657945677677
clean-standard,dark,inactive,thick,gaussian/0.25,22,15,0.00293657945677677
clean-standard,dark,inactive,thick,dilated/0.5,22,13,0.00293657945677677
clean-standard,dark,inactive,thick,gaussian/0.5,22,15,0.00293657945677677
clean-standard,dark,inactive,thick,dilated/1,22,9,0.00293657945677677
clean-standard,dark,inactive,thick,gaussian/1,22,15,0.00293657945677677
clean-standard,dark,inactive,thin,source,6,4,0.000284996976416923
clean-standard,dark,inactive,thin,body,6,5,0.00040041197674773075
clean-standard,dark,inactive,thin,silhouette,6,5,0.00040041197674773075
clean-standard,dark,inactive,thin,dilated/0,6,5,0.00040041197674773075
clean-standard,dark,inactive,thin,gaussian/0,6,5,0.00040041197674773075
clean-standard,dark,inactive,thin,dilated/0.03125,6,5,0.00040041309623646174
clean-standard,dark,inactive,thin,gaussian/0.03125,6,5,0.00040041197674773075
clean-standard,dark,inactive,thin,dilated/0.0625,6,5,0.00040041309623646174
clean-standard,dark,inactive,thin,gaussian/0.0625,6,5,0.00040041197674773075
clean-standard,dark,inactive,thin,dilated/0.125,6,5,0.00040041197674773075
clean-standard,dark,inactive,thin,gaussian/0.125,6,5,0.00040041197674773075
clean-standard,dark,inactive,thin,dilated/0.25,6,5,0.00040041197674773075
clean-standard,dark,inactive,thin,gaussian/0.25,6,5,0.00040041309623646174
clean-standard,dark,inactive,thin,dilated/0.5,6,5,0.00040041197674773075
clean-standard,dark,inactive,thin,gaussian/0.5,6,5,0.00040041309623646174
clean-standard,dark,inactive,thin,dilated/1,6,5,0.00040041197674773075
clean-standard,dark,inactive,thin,gaussian/1,6,5,0.00040041197674773075
clean-standard,light,active,thick,source,68,12,0.01618652658937923
clean-standard,light,active,thick,body,68,26,0.008331743705666963
clean-standard,light,active,thick,silhouette,68,26,0.008928324096631161
clean-standard,light,active,thick,dilated/0,68,26,0.008928324096631161
clean-standard,light,active,thick,gaussian/0,68,26,0.008331743705666963
clean-standard,light,active,thick,dilated/0.03125,68,25,0.008928361030198641
clean-standard,light,active,thick,gaussian/0.03125,68,26,0.008331712478255683
clean-standard,light,active,thick,dilated/0.0625,68,26,0.008928361495120782
clean-standard,light,active,thick,gaussian/0.0625,68,26,0.008331712478255683
clean-standard,light,active,thick,dilated/0.125,68,26,0.009052688973234219
clean-standard,light,active,thick,gaussian/0.125,68,26,0.00834399561546551
clean-standard,light,active,thick,dilated/0.25,68,26,0.01104086984618266
clean-standard,light,active,thick,gaussian/0.25,68,26,0.009317494876156403
clean-standard,light,active,thick,dilated/0.5,68,24,0.010227875926122607
clean-standard,light,active,thick,gaussian/0.5,68,26,0.009745337209454242
clean-standard,light,active,thick,dilated/1,68,18,0.01592313009963097
clean-standard,light,active,thick,gaussian/1,68,26,0.015880941336324395
clean-standard,light,active,thin,source,50,12,0.08720495872706242
clean-standard,light,active,thin,body,50,19,0.03216984496380897
clean-standard,light,active,thin,silhouette,50,19,0.011413806072943391
clean-standard,light,active,thin,dilated/0,50,19,0.011413806072943391
clean-standard,light,active,thin,gaussian/0,50,19,0.03216984496380897
clean-standard,light,active,thin,dilated/0.03125,50,20,0.013450450320408768
clean-standard,light,active,thin,gaussian/0.03125,50,19,0.032183488145733304
clean-standard,light,active,thin,dilated/0.0625,50,18,0.01510346806338094
clean-standard,light,active,thin,gaussian/0.0625,50,20,0.032183488145733304
clean-standard,light,active,thin,dilated/0.125,50,20,0.015881889136844515
clean-standard,light,active,thin,gaussian/0.125,50,20,0.02662553757068867
clean-standard,light,active,thin,dilated/0.25,50,20,0.015629847787420145
clean-standard,light,active,thin,gaussian/0.25,50,20,0.017696387913476212
clean-standard,light,active,thin,dilated/0.5,50,20,0.03796872273197906
clean-standard,light,active,thin,gaussian/0.5,50,20,0.015555725108344532
clean-standard,light,active,thin,dilated/1,50,20,0.08368895768612292
clean-standard,light,active,thin,gaussian/1,50,20,0.0613186946344418
clean-standard,light,inactive,thick,source,28,7,0.0061158411365831635
clean-standard,light,inactive,thick,body,28,19,0.0013598042646980728
clean-standard,light,inactive,thick,silhouette,28,19,0.001353680667533101
clean-standard,light,inactive,thick,dilated/0,28,19,0.001353680667533101
clean-standard,light,inactive,thick,gaussian/0,28,19,0.0013598042646980728
clean-standard,light,inactive,thick,dilated/0.03125,28,18,0.004868229868010517
clean-standard,light,inactive,thick,gaussian/0.03125,28,19,0.0013597943065703384
clean-standard,light,inactive,thick,dilated/0.0625,28,19,0.004864356690406746
clean-standard,light,inactive,thick,gaussian/0.0625,28,19,0.0013597943065703384
clean-standard,light,inactive,thick,dilated/0.125,28,19,0.004865153407206771
clean-standard,light,inactive,thick,gaussian/0.125,28,19,0.0013597943065703384
clean-standard,light,inactive,thick,dilated/0.25,28,19,0.006112286199261076
clean-standard,light,inactive,thick,gaussian/0.25,28,19,0.004868426341148531
clean-standard,light,inactive,thick,dilated/0.5,28,17,0.006110822491457364
clean-standard,light,inactive,thick,gaussian/0.5,28,19,0.006115265427704137
clean-standard,light,inactive,thick,dilated/1,28,13,0.006114109431627024
clean-standard,light,inactive,thick,gaussian/1,28,19,0.006106929560782627
clean-standard,light,inactive,thin,source,12,6,0.011857522359183106
clean-standard,light,inactive,thin,body,12,9,0.0027584976383874887
clean-standard,light,inactive,thin,silhouette,12,9,0.0027597531554171034
clean-standard,light,inactive,thin,dilated/0,12,9,0.0027597531554171034
clean-standard,light,inactive,thin,gaussian/0,12,9,0.0027584976383874887
clean-standard,light,inactive,thin,dilated/0.03125,12,9,0.0027597532366304025
clean-standard,light,inactive,thin,gaussian/0.03125,12,9,0.0027584976383874887
clean-standard,light,inactive,thin,dilated/0.0625,12,9,0.0027597532366304025
clean-standard,light,inactive,thin,gaussian/0.0625,12,9,0.0027584976383874887
clean-standard,light,inactive,thin,dilated/0.125,12,9,0.0027597531554171034
clean-standard,light,inactive,thin,gaussian/0.125,12,9,0.0027584976383874887
clean-standard,light,inactive,thin,dilated/0.25,12,9,0.0027597531554171034
clean-standard,light,inactive,thin,gaussian/0.25,12,9,0.0027597532366304025
clean-standard,light,inactive,thin,dilated/0.5,12,9,0.0027597531554171034
clean-standard,light,inactive,thin,gaussian/0.5,12,9,0.0027597532366304025
clean-standard,light,inactive,thin,dilated/1,12,9,0.012020968658979217
clean-standard,light,inactive,thin,gaussian/1,12,9,0.012020968658979217
clean-standard-canonical,dark,active,thick,source,40,10,0.0022056124389242216
clean-standard-canonical,dark,active,thick,body,40,20,0.0029539126786721224
clean-standard-canonical,dark,active,thick,silhouette,40,20,0.002401796618910325
clean-standard-canonical,dark,active,thick,dilated/0,40,20,0.002401796618910325
clean-standard-canonical,dark,active,thick,gaussian/0,40,20,0.0029539126786721224
clean-standard-canonical,dark,active,thick,dilated/0.03125,40,19,0.0027250257698148727
clean-standard-canonical,dark,active,thick,gaussian/0.03125,40,20,0.0029539126786721224
clean-standard-canonical,dark,active,thick,dilated/0.0625,40,20,0.0027218378579580474
clean-standard-canonical,dark,active,thick,gaussian/0.0625,40,20,0.0029539126786721224
clean-standard-canonical,dark,active,thick,dilated/0.125,40,20,0.002073738117481294
clean-standard-canonical,dark,active,thick,gaussian/0.125,40,20,0.002473416717804205
clean-standard-canonical,dark,active,thick,dilated/0.25,40,20,0.002089550409762261
clean-standard-canonical,dark,active,thick,gaussian/0.25,40,20,0.0020694959996911495
clean-standard-canonical,dark,active,thick,dilated/0.5,40,18,0.00217987959046602
clean-standard-canonical,dark,active,thick,gaussian/0.5,40,20,0.0021671693900989835
clean-standard-canonical,dark,active,thick,dilated/1,40,14,0.0022056124389242216
clean-standard-canonical,dark,active,thick,gaussian/1,40,20,0.0021847345366403466
clean-standard-canonical,dark,active,thin,source,29,10,0.01653255581354687
clean-standard-canonical,dark,active,thin,body,29,15,0.005908818012211999
clean-standard-canonical,dark,active,thin,silhouette,29,15,0.008292302895940991
clean-standard-canonical,dark,active,thin,dilated/0,29,15,0.008292302895940991
clean-standard-canonical,dark,active,thin,gaussian/0,29,15,0.005908818012211999
clean-standard-canonical,dark,active,thin,dilated/0.03125,29,16,0.00829159871040997
clean-standard-canonical,dark,active,thin,gaussian/0.03125,29,15,0.00590884709071896
clean-standard-canonical,dark,active,thin,dilated/0.0625,29,14,0.008292317530739647
clean-standard-canonical,dark,active,thin,gaussian/0.0625,29,16,0.00590884709071896
clean-standard-canonical,dark,active,thin,dilated/0.125,29,16,0.008292524544392938
clean-standard-canonical,dark,active,thin,gaussian/0.125,29,16,0.005908818012211999
clean-standard-canonical,dark,active,thin,dilated/0.25,29,16,0.010280108317178266
clean-standard-canonical,dark,active,thin,gaussian/0.25,29,16,0.005499203854024257
clean-standard-canonical,dark,active,thin,dilated/0.5,29,16,0.012729342793658407
clean-standard-canonical,dark,active,thin,gaussian/0.5,29,16,0.008292317530739647
clean-standard-canonical,dark,active,thin,dilated/1,29,16,0.016355109542558706
clean-standard-canonical,dark,active,thin,gaussian/1,29,16,0.012332794095511045
clean-standard-canonical,dark,inactive,thick,source,22,5,0.00293657945677677
clean-standard-canonical,dark,inactive,thick,body,22,15,0.002381130662113982
clean-standard-canonical,dark,inactive,thick,silhouette,22,15,0.0023811283799119376
clean-standard-canonical,dark,inactive,thick,dilated/0,22,15,0.0023811283799119376
clean-standard-canonical,dark,inactive,thick,gaussian/0,22,15,0.002381130662113982
clean-standard-canonical,dark,inactive,thick,dilated/0.03125,22,14,0.0029364869524149155
clean-standard-canonical,dark,inactive,thick,gaussian/0.03125,22,15,0.002381127646070605
clean-standard-canonical,dark,inactive,thick,dilated/0.0625,22,15,0.0029364869524149155
clean-standard-canonical,dark,inactive,thick,gaussian/0.0625,22,15,0.002381127646070605
clean-standard-canonical,dark,inactive,thick,dilated/0.125,22,15,0.00293657945677677
clean-standard-canonical,dark,inactive,thick,gaussian/0.125,22,15,0.002381127646070605
clean-standard-canonical,dark,inactive,thick,dilated/0.25,22,15,0.00293657945677677
clean-standard-canonical,dark,inactive,thick,gaussian/0.25,22,15,0.00293657945677677
clean-standard-canonical,dark,inactive,thick,dilated/0.5,22,13,0.00293657945677677
clean-standard-canonical,dark,inactive,thick,gaussian/0.5,22,15,0.00293657945677677
clean-standard-canonical,dark,inactive,thick,dilated/1,22,9,0.00293657945677677
clean-standard-canonical,dark,inactive,thick,gaussian/1,22,15,0.00293657945677677
clean-standard-canonical,dark,inactive,thin,source,6,4,0.000284996976416923
clean-standard-canonical,dark,inactive,thin,body,6,5,0.00040041197674773075
clean-standard-canonical,dark,inactive,thin,silhouette,6,5,0.00040041197674773075
clean-standard-canonical,dark,inactive,thin,dilated/0,6,5,0.00040041197674773075
clean-standard-canonical,dark,inactive,thin,gaussian/0,6,5,0.00040041197674773075
clean-standard-canonical,dark,inactive,thin,dilated/0.03125,6,5,0.00040041309623646174
clean-standard-canonical,dark,inactive,thin,gaussian/0.03125,6,5,0.00040041197674773075
clean-standard-canonical,dark,inactive,thin,dilated/0.0625,6,5,0.00040041309623646174
clean-standard-canonical,dark,inactive,thin,gaussian/0.0625,6,5,0.00040041197674773075
clean-standard-canonical,dark,inactive,thin,dilated/0.125,6,5,0.00040041197674773075
clean-standard-canonical,dark,inactive,thin,gaussian/0.125,6,5,0.00040041197674773075
clean-standard-canonical,dark,inactive,thin,dilated/0.25,6,5,0.00040041197674773075
clean-standard-canonical,dark,inactive,thin,gaussian/0.25,6,5,0.00040041309623646174
clean-standard-canonical,dark,inactive,thin,dilated/0.5,6,5,0.00040041197674773075
clean-standard-canonical,dark,inactive,thin,gaussian/0.5,6,5,0.00040041309623646174
clean-standard-canonical,dark,inactive,thin,dilated/1,6,5,0.00040041197674773075
clean-standard-canonical,dark,inactive,thin,gaussian/1,6,5,0.00040041197674773075
clean-standard-canonical,light,active,thick,source,48,12,0.015735557988199235
clean-standard-canonical,light,active,thick,body,48,26,0.008181494184897393
clean-standard-canonical,light,active,thick,silhouette,48,26,0.00872300008400881
clean-standard-canonical,light,active,thick,dilated/0,48,26,0.00872300008400881
clean-standard-canonical,light,active,thick,gaussian/0,48,26,0.008181494184897393
clean-standard-canonical,light,active,thick,dilated/0.03125,48,25,0.008723053638089603
clean-standard-canonical,light,active,thick,gaussian/0.03125,48,26,0.008181449133598546
clean-standard-canonical,light,active,thick,dilated/0.0625,48,26,0.00872305431223116
clean-standard-canonical,light,active,thick,gaussian/0.0625,48,26,0.008181449133598546
clean-standard-canonical,light,active,thick,dilated/0.125,48,26,0.008902734952460545
clean-standard-canonical,light,active,thick,gaussian/0.125,48,26,0.008198585726911505
clean-standard-canonical,light,active,thick,dilated/0.25,48,26,0.010906902677415143
clean-standard-canonical,light,active,thick,gaussian/0.25,48,26,0.009281708439468402
clean-standard-canonical,light,active,thick,dilated/0.5,48,24,0.010051983094070979
clean-standard-canonical,light,active,thick,gaussian/0.5,48,26,0.009673253849711601
clean-standard-canonical,light,active,thick,dilated/1,48,18,0.01549988394721758
clean-standard-canonical,light,active,thick,gaussian/1,48,26,0.0154427428450478
clean-standard-canonical,light,active,thin,source,36,12,0.08483320709686785
clean-standard-canonical,light,active,thin,body,36,19,0.029948443490433643
clean-standard-canonical,light,active,thin,silhouette,36,19,0.011344951194633962
clean-standard-canonical,light,active,thin,dilated/0,36,19,0.011344951194633962
clean-standard-canonical,light,active,thin,gaussian/0,36,19,0.029948443490433643
clean-standard-canonical,light,active,thin,dilated/0.03125,36,20,0.01563180252533998
clean-standard-canonical,light,active,thin,gaussian/0.03125,36,19,0.030071710378817035
clean-standard-canonical,light,active,thin,dilated/0.0625,36,18,0.0169215515869812
clean-standard-canonical,light,active,thin,gaussian/0.0625,36,20,0.030071710378817035
clean-standard-canonical,light,active,thin,dilated/0.125,36,20,0.01762110999779117
clean-standard-canonical,light,active,thin,gaussian/0.125,36,20,0.025135990583407177
clean-standard-canonical,light,active,thin,dilated/0.25,36,20,0.017520693379422848
clean-standard-canonical,light,active,thin,gaussian/0.25,36,20,0.01763188796894652
clean-standard-canonical,light,active,thin,dilated/0.5,36,20,0.03812082910005038
clean-standard-canonical,light,active,thin,gaussian/0.5,36,20,0.016990867161818204
clean-standard-canonical,light,active,thin,dilated/1,36,20,0.08124525436734839
clean-standard-canonical,light,active,thin,gaussian/1,36,20,0.06128096401066912
clean-standard-canonical,light,inactive,thick,source,28,7,0.0061158411365831635
clean-standard-canonical,light,inactive,thick,body,28,19,0.0013598042646980728
clean-standard-canonical,light,inactive,thick,silhouette,28,19,0.001353680667533101
clean-standard-canonical,light,inactive,thick,dilated/0,28,19,0.001353680667533101
clean-standard-canonical,light,inactive,thick,gaussian/0,28,19,0.0013598042646980728
clean-standard-canonical,light,inactive,thick,dilated/0.03125,28,18,0.004868229868010517
clean-standard-canonical,light,inactive,thick,gaussian/0.03125,28,19,0.0013597943065703384
clean-standard-canonical,light,inactive,thick,dilated/0.0625,28,19,0.004864356690406746
clean-standard-canonical,light,inactive,thick,gaussian/0.0625,28,19,0.0013597943065703384
clean-standard-canonical,light,inactive,thick,dilated/0.125,28,19,0.004865153407206771
clean-standard-canonical,light,inactive,thick,gaussian/0.125,28,19,0.0013597943065703384
clean-standard-canonical,light,inactive,thick,dilated/0.25,28,19,0.006112286199261076
clean-standard-canonical,light,inactive,thick,gaussian/0.25,28,19,0.004868426341148531
clean-standard-canonical,light,inactive,thick,dilated/0.5,28,17,0.006110822491457364
clean-standard-canonical,light,inactive,thick,gaussian/0.5,28,19,0.006115265427704137
clean-standard-canonical,light,inactive,thick,dilated/1,28,13,0.006114109431627024
clean-standard-canonical,light,inactive,thick,gaussian/1,28,19,0.006106929560782627
clean-standard-canonical,light,inactive,thin,source,12,6,0.011857522359183106
clean-standard-canonical,light,inactive,thin,body,12,9,0.0027584976383874887
clean-standard-canonical,light,inactive,thin,silhouette,12,9,0.0027597531554171034
clean-standard-canonical,light,inactive,thin,dilated/0,12,9,0.0027597531554171034
clean-standard-canonical,light,inactive,thin,gaussian/0,12,9,0.0027584976383874887
clean-standard-canonical,light,inactive,thin,dilated/0.03125,12,9,0.0027597532366304025
clean-standard-canonical,light,inactive,thin,gaussian/0.03125,12,9,0.0027584976383874887
clean-standard-canonical,light,inactive,thin,dilated/0.0625,12,9,0.0027597532366304025
clean-standard-canonical,light,inactive,thin,gaussian/0.0625,12,9,0.0027584976383874887
clean-standard-canonical,light,inactive,thin,dilated/0.125,12,9,0.0027597531554171034
clean-standard-canonical,light,inactive,thin,gaussian/0.125,12,9,0.0027584976383874887
clean-standard-canonical,light,inactive,thin,dilated/0.25,12,9,0.0027597531554171034
clean-standard-canonical,light,inactive,thin,gaussian/0.25,12,9,0.0027597532366304025
clean-standard-canonical,light,inactive,thin,dilated/0.5,12,9,0.0027597531554171034
clean-standard-canonical,light,inactive,thin,gaussian/0.5,12,9,0.0027597532366304025
clean-standard-canonical,light,inactive,thin,dilated/1,12,9,0.012020968658979217
clean-standard-canonical,light,inactive,thin,gaussian/1,12,9,0.012020968658979217
clean-standard-w9,light,active,thick,source,20,7,0.017214703811192257
clean-standard-w9,light,active,thick,body,20,10,0.008668006382558643
clean-standard-w9,light,active,thick,silhouette,20,10,0.009393377839008732
clean-standard-w9,light,active,thick,dilated/0,20,10,0.009393377839008732
clean-standard-w9,light,active,thick,gaussian/0,20,10,0.008668006382558643
clean-standard-w9,light,active,thick,dilated/0.03125,20,10,0.009393377839008732
clean-standard-w9,light,active,thick,gaussian/0.03125,20,10,0.008668006382558643
clean-standard-w9,light,active,thick,dilated/0.0625,20,10,0.009393377839008732
clean-standard-w9,light,active,thick,gaussian/0.0625,20,10,0.008668006382558643
clean-standard-w9,light,active,thick,dilated/0.125,20,10,0.009393377839008732
clean-standard-w9,light,active,thick,gaussian/0.125,20,10,0.008672689463243491
clean-standard-w9,light,active,thick,dilated/0.25,20,10,0.011351748558908952
clean-standard-w9,light,active,thick,gaussian/0.25,20,10,0.009393377839008732
clean-standard-w9,light,active,thick,dilated/0.5,20,10,0.010633833603769589
clean-standard-w9,light,active,thick,gaussian/0.5,20,10,0.009911276906555836
clean-standard-w9,light,active,thick,dilated/1,20,9,0.01688013602330684
clean-standard-w9,light,active,thick,gaussian/1,20,10,0.01688013602330684
clean-standard-w9,light,active,thin,source,14,6,0.09263918044756528
clean-standard-w9,light,active,thin,body,14,7,0.0349369185250694
clean-standard-w9,light,active,thin,silhouette,14,7,0.010006011684566083
clean-standard-w9,light,active,thin,dilated/0,14,7,0.010006011684566083
clean-standard-w9,light,active,thin,gaussian/0,14,7,0.0349369185250694
clean-standard-w9,light,active,thin,dilated/0.03125,14,7,0.00416078609407533
clean-standard-w9,light,active,thin,gaussian/0.03125,14,7,0.0349369185250694
clean-standard-w9,light,active,thin,dilated/0.0625,14,7,0.00416078609407533
clean-standard-w9,light,active,thin,gaussian/0.0625,14,7,0.0349369185250694
clean-standard-w9,light,active,thin,dilated/0.125,14,7,0.00416078609407533
clean-standard-w9,light,active,thin,gaussian/0.125,14,7,0.027804537194186872
clean-standard-w9,light,active,thin,dilated/0.25,14,7,0.007654174811523162
clean-standard-w9,light,active,thin,gaussian/0.25,14,7,0.01592007445160667
clean-standard-w9,light,active,thin,dilated/0.5,14,7,0.03752115983125964
clean-standard-w9,light,active,thin,gaussian/0.5,14,7,0.010006011684566083
clean-standard-w9,light,active,thin,dilated/1,14,7,0.0892239240897286
clean-standard-w9,light,active,thin,gaussian/1,14,7,0.06002039523348434
policy:increased-contrast,light,active,thick,source,3,2,0.0026594583373288727
policy:increased-contrast,light,active,thick,body,3,3,0.0026594583373288727
policy:increased-contrast,light,active,thick,silhouette,3,3,0.0026594583373288727
policy:increased-contrast,light,active,thick,dilated/0,3,3,0.0026594583373288727
policy:increased-contrast,light,active,thick,gaussian/0,3,3,0.0026594583373288727
policy:increased-contrast,light,active,thick,dilated/0.03125,3,3,0.0026594583373288727
policy:increased-contrast,light,active,thick,gaussian/0.03125,3,3,0.0026594583373288727
policy:increased-contrast,light,active,thick,dilated/0.0625,3,3,0.0026594583373288727
policy:increased-contrast,light,active,thick,gaussian/0.0625,3,3,0.0026594583373288727
policy:increased-contrast,light,active,thick,dilated/0.125,3,3,0.0026594583373288727
policy:increased-contrast,light,active,thick,gaussian/0.125,3,3,0.0026594583373288727
policy:increased-contrast,light,active,thick,dilated/0.25,3,3,0.0026594583373288727
policy:increased-contrast,light,active,thick,gaussian/0.25,3,3,0.0026594583373288727
policy:increased-contrast,light,active,thick,dilated/0.5,3,3,0.0026594583373288727
policy:increased-contrast,light,active,thick,gaussian/0.5,3,3,0.0026594583373288727
policy:increased-contrast,light,active,thick,dilated/1,3,3,0.0026594583373288727
policy:increased-contrast,light,active,thick,gaussian/1,3,3,0.0026594583373288727
policy:increased-contrast,light,active,thin,source,7,3,0.24475961428321283
policy:increased-contrast,light,active,thin,body,7,4,0.24475961428321283
policy:increased-contrast,light,active,thin,silhouette,7,4,0.24475961428321283
policy:increased-contrast,light,active,thin,dilated/0,7,4,0.24475961428321283
policy:increased-contrast,light,active,thin,gaussian/0,7,4,0.24475961428321283
policy:increased-contrast,light,active,thin,dilated/0.03125,7,4,0.24475961428321283
policy:increased-contrast,light,active,thin,gaussian/0.03125,7,4,0.24475961428321283
policy:increased-contrast,light,active,thin,dilated/0.0625,7,4,0.24475961428321283
policy:increased-contrast,light,active,thin,gaussian/0.0625,7,4,0.24475961428321283
policy:increased-contrast,light,active,thin,dilated/0.125,7,4,0.24475961428321283
policy:increased-contrast,light,active,thin,gaussian/0.125,7,4,0.24475961428321283
policy:increased-contrast,light,active,thin,dilated/0.25,7,4,0.24475961428321283
policy:increased-contrast,light,active,thin,gaussian/0.25,7,4,0.24475961428321283
policy:increased-contrast,light,active,thin,dilated/0.5,7,4,0.24475961428321283
policy:increased-contrast,light,active,thin,gaussian/0.5,7,4,0.24475961428321283
policy:increased-contrast,light,active,thin,dilated/1,7,4,0.24475961428321283
policy:increased-contrast,light,active,thin,gaussian/1,7,4,0.24475961428321283
policy:increased-contrast,light,inactive,thick,source,3,2,8.457941678057131e-05
policy:increased-contrast,light,inactive,thick,body,3,3,0.0
policy:increased-contrast,light,inactive,thick,silhouette,3,3,0.0
policy:increased-contrast,light,inactive,thick,dilated/0,3,3,0.0
policy:increased-contrast,light,inactive,thick,gaussian/0,3,3,0.0
policy:increased-contrast,light,inactive,thick,dilated/0.03125,3,3,0.0
policy:increased-contrast,light,inactive,thick,gaussian/0.03125,3,3,0.0
policy:increased-contrast,light,inactive,thick,dilated/0.0625,3,3,0.0
policy:increased-contrast,light,inactive,thick,gaussian/0.0625,3,3,0.0
policy:increased-contrast,light,inactive,thick,dilated/0.125,3,3,0.0
policy:increased-contrast,light,inactive,thick,gaussian/0.125,3,3,0.0
policy:increased-contrast,light,inactive,thick,dilated/0.25,3,3,0.0
policy:increased-contrast,light,inactive,thick,gaussian/0.25,3,3,0.0
policy:increased-contrast,light,inactive,thick,dilated/0.5,3,3,8.457941678057131e-05
policy:increased-contrast,light,inactive,thick,gaussian/0.5,3,3,0.0
policy:increased-contrast,light,inactive,thick,dilated/1,3,3,8.457941678057131e-05
policy:increased-contrast,light,inactive,thick,gaussian/1,3,3,8.457941678057131e-05
policy:increased-contrast,light,inactive,thin,source,7,3,0.09383994509877236
policy:increased-contrast,light,inactive,thin,body,7,4,0.09383994509877236
policy:increased-contrast,light,inactive,thin,silhouette,7,4,0.09383994509877236
policy:increased-contrast,light,inactive,thin,dilated/0,7,4,0.09383994509877236
policy:increased-contrast,light,inactive,thin,gaussian/0,7,4,0.09383994509877236
policy:increased-contrast,light,inactive,thin,dilated/0.03125,7,4,0.09383994509877236
policy:increased-contrast,light,inactive,thin,gaussian/0.03125,7,4,0.09383994509877236
policy:increased-contrast,light,inactive,thin,dilated/0.0625,7,4,0.09383994509877236
policy:increased-contrast,light,inactive,thin,gaussian/0.0625,7,4,0.09383994509877236
policy:increased-contrast,light,inactive,thin,dilated/0.125,7,4,0.09383994509877236
policy:increased-contrast,light,inactive,thin,gaussian/0.125,7,4,0.09383994509877236
policy:increased-contrast,light,inactive,thin,dilated/0.25,7,4,0.09383994509877236
policy:increased-contrast,light,inactive,thin,gaussian/0.25,7,4,0.09383994509877236
policy:increased-contrast,light,inactive,thin,dilated/0.5,7,4,0.09383994509877236
policy:increased-contrast,light,inactive,thin,gaussian/0.5,7,4,0.09383994509877236
policy:increased-contrast,light,inactive,thin,dilated/1,7,4,0.09383994509877236
policy:increased-contrast,light,inactive,thin,gaussian/1,7,4,0.09383994509877236
policy:reduced-transparency,light,active,thick,source,3,2,0.0018430401262577946
policy:reduced-transparency,light,active,thick,body,3,3,0.0018430401262577946
policy:reduced-transparency,light,active,thick,silhouette,3,3,0.0018430401262577946
policy:reduced-transparency,light,active,thick,dilated/0,3,3,0.0018430401262577946
policy:reduced-transparency,light,active,thick,gaussian/0,3,3,0.0018430401262577946
policy:reduced-transparency,light,active,thick,dilated/0.03125,3,3,0.0018430401262577946
policy:reduced-transparency,light,active,thick,gaussian/0.03125,3,3,0.0018430401262577946
policy:reduced-transparency,light,active,thick,dilated/0.0625,3,3,0.0018430401262577946
policy:reduced-transparency,light,active,thick,gaussian/0.0625,3,3,0.0018430401262577946
policy:reduced-transparency,light,active,thick,dilated/0.125,3,3,0.0018430401262577946
policy:reduced-transparency,light,active,thick,gaussian/0.125,3,3,0.0018430401262577946
policy:reduced-transparency,light,active,thick,dilated/0.25,3,3,0.0018430401262577946
policy:reduced-transparency,light,active,thick,gaussian/0.25,3,3,0.0018430401262577946
policy:reduced-transparency,light,active,thick,dilated/0.5,3,3,0.0018430401262577946
policy:reduced-transparency,light,active,thick,gaussian/0.5,3,3,0.0018430401262577946
policy:reduced-transparency,light,active,thick,dilated/1,3,3,0.0018430401262577946
policy:reduced-transparency,light,active,thick,gaussian/1,3,3,0.0018430401262577946
policy:reduced-transparency,light,active,thin,source,6,3,0.17080517892520766
policy:reduced-transparency,light,active,thin,body,6,4,0.16097970321052107
policy:reduced-transparency,light,active,thin,silhouette,6,4,0.16097970321052107
policy:reduced-transparency,light,active,thin,dilated/0,6,4,0.16097970321052107
policy:reduced-transparency,light,active,thin,gaussian/0,6,4,0.16097970321052107
policy:reduced-transparency,light,active,thin,dilated/0.03125,6,4,0.16097970321052107
policy:reduced-transparency,light,active,thin,gaussian/0.03125,6,4,0.16097970321052107
policy:reduced-transparency,light,active,thin,dilated/0.0625,6,4,0.16097970321052107
policy:reduced-transparency,light,active,thin,gaussian/0.0625,6,4,0.16097970321052107
policy:reduced-transparency,light,active,thin,dilated/0.125,6,4,0.16097970321052107
policy:reduced-transparency,light,active,thin,gaussian/0.125,6,4,0.16097970321052107
policy:reduced-transparency,light,active,thin,dilated/0.25,6,4,0.16097970321052107
policy:reduced-transparency,light,active,thin,gaussian/0.25,6,4,0.16097970321052107
policy:reduced-transparency,light,active,thin,dilated/0.5,6,4,0.16097970321052107
policy:reduced-transparency,light,active,thin,gaussian/0.5,6,4,0.16097970321052107
policy:reduced-transparency,light,active,thin,dilated/1,6,4,0.16097970321052107
policy:reduced-transparency,light,active,thin,gaussian/1,6,4,0.16097970321052107
policy:reduced-transparency,light,inactive,thick,source,3,2,0.0005633837566161071
policy:reduced-transparency,light,inactive,thick,body,3,3,0.0005633837566161071
policy:reduced-transparency,light,inactive,thick,silhouette,3,3,0.0005633837566161071
policy:reduced-transparency,light,inactive,thick,dilated/0,3,3,0.0005633837566161071
policy:reduced-transparency,light,inactive,thick,gaussian/0,3,3,0.0005633837566161071
policy:reduced-transparency,light,inactive,thick,dilated/0.03125,3,3,0.0005633837566161071
policy:reduced-transparency,light,inactive,thick,gaussian/0.03125,3,3,0.0005633837566161071
policy:reduced-transparency,light,inactive,thick,dilated/0.0625,3,3,0.0005633837566161071
policy:reduced-transparency,light,inactive,thick,gaussian/0.0625,3,3,0.0005633837566161071
policy:reduced-transparency,light,inactive,thick,dilated/0.125,3,3,0.0005633837566161071
policy:reduced-transparency,light,inactive,thick,gaussian/0.125,3,3,0.0005633837566161071
policy:reduced-transparency,light,inactive,thick,dilated/0.25,3,3,0.0005633837566161071
policy:reduced-transparency,light,inactive,thick,gaussian/0.25,3,3,0.0005633837566161071
policy:reduced-transparency,light,inactive,thick,dilated/0.5,3,3,0.0
policy:reduced-transparency,light,inactive,thick,gaussian/0.5,3,3,0.0005633837566161071
policy:reduced-transparency,light,inactive,thick,dilated/1,3,3,0.0
policy:reduced-transparency,light,inactive,thick,gaussian/1,3,3,0.0
policy:reduced-transparency,light,inactive,thin,source,6,3,0.07289542033352686
policy:reduced-transparency,light,inactive,thin,body,6,4,0.06877675544153132
policy:reduced-transparency,light,inactive,thin,silhouette,6,4,0.06877675544153132
policy:reduced-transparency,light,inactive,thin,dilated/0,6,4,0.06877675544153132
policy:reduced-transparency,light,inactive,thin,gaussian/0,6,4,0.06877675544153132
policy:reduced-transparency,light,inactive,thin,dilated/0.03125,6,4,0.06877675544153132
policy:reduced-transparency,light,inactive,thin,gaussian/0.03125,6,4,0.06877675544153132
policy:reduced-transparency,light,inactive,thin,dilated/0.0625,6,4,0.06877675544153132
policy:reduced-transparency,light,inactive,thin,gaussian/0.0625,6,4,0.06877675544153132
policy:reduced-transparency,light,inactive,thin,dilated/0.125,6,4,0.06877675544153132
policy:reduced-transparency,light,inactive,thin,gaussian/0.125,6,4,0.06877675544153132
policy:reduced-transparency,light,inactive,thin,dilated/0.25,6,4,0.06877675544153132
policy:reduced-transparency,light,inactive,thin,gaussian/0.25,6,4,0.06877675544153132
policy:reduced-transparency,light,inactive,thin,dilated/0.5,6,4,0.06877675544153132
policy:reduced-transparency,light,inactive,thin,gaussian/0.5,6,4,0.06877675544153132
policy:reduced-transparency,light,inactive,thin,dilated/1,6,4,0.06877675544153132
policy:reduced-transparency,light,inactive,thin,gaussian/1,6,4,0.06877675544153132
policy:standard,dark,active,thick,source,40,10,0.0022056124389242216
policy:standard,dark,active,thick,body,40,20,0.0029539126786721224
policy:standard,dark,active,thick,silhouette,40,20,0.002401796618910325
policy:standard,dark,active,thick,dilated/0,40,20,0.002401796618910325
policy:standard,dark,active,thick,gaussian/0,40,20,0.0029539126786721224
policy:standard,dark,active,thick,dilated/0.03125,40,19,0.0027250257698148727
policy:standard,dark,active,thick,gaussian/0.03125,40,20,0.0029539126786721224
policy:standard,dark,active,thick,dilated/0.0625,40,20,0.0027218378579580474
policy:standard,dark,active,thick,gaussian/0.0625,40,20,0.0029539126786721224
policy:standard,dark,active,thick,dilated/0.125,40,20,0.002073738117481294
policy:standard,dark,active,thick,gaussian/0.125,40,20,0.002473416717804205
policy:standard,dark,active,thick,dilated/0.25,40,20,0.002089550409762261
policy:standard,dark,active,thick,gaussian/0.25,40,20,0.0020694959996911495
policy:standard,dark,active,thick,dilated/0.5,40,18,0.00217987959046602
policy:standard,dark,active,thick,gaussian/0.5,40,20,0.0021671693900989835
policy:standard,dark,active,thick,dilated/1,40,14,0.0022056124389242216
policy:standard,dark,active,thick,gaussian/1,40,20,0.0021847345366403466
policy:standard,dark,active,thin,source,45,10,0.14329785598416062
policy:standard,dark,active,thin,body,45,15,0.14170291678173821
policy:standard,dark,active,thin,silhouette,45,15,0.14329784771823548
policy:standard,dark,active,thin,dilated/0,45,15,0.14329784771823548
policy:standard,dark,active,thin,gaussian/0,45,15,0.14170291678173821
policy:standard,dark,active,thin,dilated/0.03125,45,16,0.14329784778628987
policy:standard,dark,active,thin,gaussian/0.03125,45,15,0.14170291678173821
policy:standard,dark,active,thin,dilated/0.0625,45,14,0.14329784826400355
policy:standard,dark,active,thin,gaussian/0.0625,45,16,0.14170291678173821
policy:standard,dark,active,thin,dilated/0.125,45,16,0.14329785598416062
policy:standard,dark,active,thin,gaussian/0.125,45,16,0.14170291678173821
policy:standard,dark,active,thin,dilated/0.25,45,16,0.14329785598416062
policy:standard,dark,active,thin,gaussian/0.25,45,16,0.14316994490449766
policy:standard,dark,active,thin,dilated/0.5,45,16,0.14329785598416062
policy:standard,dark,active,thin,gaussian/0.5,45,16,0.14329784826400355
policy:standard,dark,active,thin,dilated/1,45,16,0.14325651498460254
policy:standard,dark,active,thin,gaussian/1,45,16,0.14329784819594915
policy:standard,dark,inactive,thick,source,22,5,0.00293657945677677
policy:standard,dark,inactive,thick,body,22,15,0.002381130662113982
policy:standard,dark,inactive,thick,silhouette,22,15,0.0023811283799119376
policy:standard,dark,inactive,thick,dilated/0,22,15,0.0023811283799119376
policy:standard,dark,inactive,thick,gaussian/0,22,15,0.002381130662113982
policy:standard,dark,inactive,thick,dilated/0.03125,22,14,0.0029364869524149155
policy:standard,dark,inactive,thick,gaussian/0.03125,22,15,0.002381127646070605
policy:standard,dark,inactive,thick,dilated/0.0625,22,15,0.0029364869524149155
policy:standard,dark,inactive,thick,gaussian/0.0625,22,15,0.002381127646070605
policy:standard,dark,inactive,thick,dilated/0.125,22,15,0.00293657945677677
policy:standard,dark,inactive,thick,gaussian/0.125,22,15,0.002381127646070605
policy:standard,dark,inactive,thick,dilated/0.25,22,15,0.00293657945677677
policy:standard,dark,inactive,thick,gaussian/0.25,22,15,0.00293657945677677
policy:standard,dark,inactive,thick,dilated/0.5,22,13,0.00293657945677677
policy:standard,dark,inactive,thick,gaussian/0.5,22,15,0.00293657945677677
policy:standard,dark,inactive,thick,dilated/1,22,9,0.00293657945677677
policy:standard,dark,inactive,thick,gaussian/1,22,15,0.00293657945677677
policy:standard,dark,inactive,thin,source,14,4,0.0438443771284967
policy:standard,dark,inactive,thin,body,14,5,0.04384437712411506
policy:standard,dark,inactive,thin,silhouette,14,5,0.04384437712411506
policy:standard,dark,inactive,thin,dilated/0,14,5,0.04384437712411506
policy:standard,dark,inactive,thin,gaussian/0,14,5,0.04384437712411506
policy:standard,dark,inactive,thin,dilated/0.03125,14,5,0.0438443771284967
policy:standard,dark,inactive,thin,gaussian/0.03125,14,5,0.04384437712411506
policy:standard,dark,inactive,thin,dilated/0.0625,14,5,0.0438443771284967
policy:standard,dark,inactive,thin,gaussian/0.0625,14,5,0.04384437712411506
policy:standard,dark,inactive,thin,dilated/0.125,14,5,0.04384437712411506
policy:standard,dark,inactive,thin,gaussian/0.125,14,5,0.04384437712411506
policy:standard,dark,inactive,thin,dilated/0.25,14,5,0.04384437712411506
policy:standard,dark,inactive,thin,gaussian/0.25,14,5,0.0438443771284967
policy:standard,dark,inactive,thin,dilated/0.5,14,5,0.04384437712411506
policy:standard,dark,inactive,thin,gaussian/0.5,14,5,0.0438443771284967
policy:standard,dark,inactive,thin,dilated/1,14,5,0.04384437712411506
policy:standard,dark,inactive,thin,gaussian/1,14,5,0.04384437712411506
policy:standard,light,active,thick,source,76,12,0.06126931372488854
policy:standard,light,active,thick,body,76,26,0.059498507709210655
policy:standard,light,active,thick,silhouette,76,26,0.059569322266786656
policy:standard,light,active,thick,dilated/0,76,26,0.059569322266786656
policy:standard,light,active,thick,gaussian/0,76,26,0.059498507709210655
policy:standard,light,active,thick,dilated/0.03125,76,25,0.05956931101760601
policy:standard,light,active,thick,gaussian/0.03125,76,26,0.05949850379665676
policy:standard,light,active,thick,dilated/0.0625,76,26,0.059569327282094124
policy:standard,light,active,thick,gaussian/0.0625,76,26,0.05949850379665676
policy:standard,light,active,thick,dilated/0.125,76,26,0.059211441737979945
policy:standard,light,active,thick,gaussian/0.125,76,26,0.05950004389072011
policy:standard,light,active,thick,dilated/0.25,76,26,0.0604730134448308
policy:standard,light,active,thick,gaussian/0.25,76,26,0.05962260912056105
policy:standard,light,active,thick,dilated/0.5,76,24,0.06020959257852794
policy:standard,light,active,thick,gaussian/0.5,76,26,0.05935290763196633
policy:standard,light,active,thick,dilated/1,76,18,0.061222530888982704
policy:standard,light,active,thick,gaussian/1,76,26,0.061335053879602634
policy:standard,light,active,thin,source,89,12,0.16510269269827554
policy:standard,light,active,thin,body,89,23,0.1458838171521157
policy:standard,light,active,thin,silhouette,89,23,0.13852937869957163
policy:standard,light,active,thin,dilated/0,89,23,0.13852937869957163
policy:standard,light,active,thin,gaussian/0,89,23,0.1458838171521157
policy:standard,light,active,thin,dilated/0.03125,89,24,0.141008642892283
policy:standard,light,active,thin,gaussian/0.03125,89,23,0.1458838171521157
policy:standard,light,active,thin,dilated/0.0625,89,22,0.14114441320756493
policy:standard,light,active,thin,gaussian/0.0625,89,24,0.1458838171521157
policy:standard,light,active,thin,dilated/0.125,89,24,0.13881672647251916
policy:standard,light,active,thin,gaussian/0.125,89,24,0.1458838171521157
policy:standard,light,active,thin,dilated/0.25,89,24,0.13621570246154382
policy:standard,light,active,thin,gaussian/0.25,89,24,0.14392121815461487
policy:standard,light,active,thin,dilated/0.5,89,24,0.14137858316903296
policy:standard,light,active,thin,gaussian/0.5,89,24,0.14210049517088805
policy:standard,light,active,thin,dilated/1,89,24,0.15907329682536356
policy:standard,light,active,thin,gaussian/1,89,24,0.15232121058966636
policy:standard,light,inactive,thick,source,36,7,0.04521578886995179
policy:standard,light,inactive,thick,body,36,19,0.04350321336833373
policy:standard,light,inactive,thick,silhouette,36,19,0.04350306482985675
policy:standard,light,inactive,thick,dilated/0,36,19,0.04350306482985675
policy:standard,light,inactive,thick,gaussian/0,36,19,0.04350321336833373
policy:standard,light,inactive,thick,dilated/0.03125,36,18,0.04370565297581024
policy:standard,light,inactive,thick,gaussian/0.03125,36,19,0.04350321312623824
policy:standard,light,inactive,thick,dilated/0.0625,36,19,0.043705317558652035
policy:standard,light,inactive,thick,gaussian/0.0625,36,19,0.04350321312623824
policy:standard,light,inactive,thick,dilated/0.125,36,19,0.04370537879681387
policy:standard,light,inactive,thick,gaussian/0.125,36,19,0.04350321312623824
policy:standard,light,inactive,thick,dilated/0.25,36,19,0.04521575861002501
policy:standard,light,inactive,thick,gaussian/0.25,36,19,0.04370566999742882
policy:standard,light,inactive,thick,dilated/0.5,36,17,0.04521581453315444
policy:standard,light,inactive,thick,gaussian/0.5,36,19,0.0438211191151552
policy:standard,light,inactive,thick,dilated/1,36,13,0.045215755481430454
policy:standard,light,inactive,thick,gaussian/1,36,19,0.04521573647358994
policy:standard,light,inactive,thin,source,38,6,0.08070215101387682
policy:standard,light,inactive,thin,body,38,13,0.07938413816834203
policy:standard,light,inactive,thin,silhouette,38,13,0.07938413816834203
policy:standard,light,inactive,thin,dilated/0,38,13,0.07938413816834203
policy:standard,light,inactive,thin,gaussian/0,38,13,0.07938413816834203
policy:standard,light,inactive,thin,dilated/0.03125,38,13,0.07938413778809546
policy:standard,light,inactive,thin,gaussian/0.03125,38,13,0.07938413816834203
policy:standard,light,inactive,thin,dilated/0.0625,38,13,0.07938413778809546
policy:standard,light,inactive,thin,gaussian/0.0625,38,13,0.07938413816834203
policy:standard,light,inactive,thin,dilated/0.125,38,13,0.07938413816834203
policy:standard,light,inactive,thin,gaussian/0.125,38,13,0.07938413816834203
policy:standard,light,inactive,thin,dilated/0.25,38,13,0.07938413816834203
policy:standard,light,inactive,thin,gaussian/0.25,38,13,0.07938413778809546
policy:standard,light,inactive,thin,dilated/0.5,38,13,0.07938413816834203
policy:standard,light,inactive,thin,gaussian/0.5,38,13,0.07938413778809546
policy:standard,light,inactive,thin,dilated/1,38,13,0.07937205923568816
policy:standard,light,inactive,thin,gaussian/1,38,13,0.07937205923568816
