generation,profile,tier,stratum,pose,column,cells,within,miss,medianRatio,minRatio,maxRatio,A,tau,barFloorAssumed,worst
dark 0.25,1x-dark-standard-glass0.25,css,C,inactive,holdout,1,0,1,0.6239,0.6239,0.6239,0.3652,0.0891,False,checkerboard__glass-over-glass__inactive x0.62
dark 0.25,1x-dark-standard-glass0.25,css,C,inactive,non-holdout,15,3,12,0.4850,0.0000,13.3458,0.6325,0.0716,False,impulse__rrect-lg__inactive x13.35
dark 0.25,1x-dark-standard-glass0.25,css,C,rest,holdout,1,0,1,0.2791,0.2791,0.2791,1.1170,0.0328,False,checkerboard__glass-over-glass__rest x0.28
dark 0.25,1x-dark-standard-glass0.25,css,C,rest,non-holdout,29,0,29,0.2448,0.1744,0.7669,1.2672,0.0292,False,checkerboard__capsule-button__rest x0.17
dark 0.25,1x-dark-standard-glass0.25,css,F,inactive,non-holdout,3,3,0,0.7329,0.6957,0.9442,0.2193,0.1246,False,checkerboard-4__rrect-md__inactive x0.70
dark 0.25,1x-dark-standard-glass0.25,css,F,rest,non-holdout,12,0,12,0.1551,0.1067,0.3610,1.3960,0.0488,False,checkerboard-8__rrect-sm__rest x0.11
dark 0.25,1x-dark-standard-glass0.25,css,P,inactive,holdout,2,0,2,0.2097,0.1923,0.2271,1.3367,0.0334,False,photo__rrect-lg__inactive x0.19
dark 0.25,1x-dark-standard-glass0.25,css,P,inactive,non-holdout,5,0,5,0.2130,0.0713,1.6715,1.3270,0.0353,False,photo__capsule-button__inactive-tint-orange x0.07
dark 0.25,1x-dark-standard-glass0.25,css,P,rest,holdout,1,0,1,0.1906,0.1906,0.1906,1.4131,0.0321,False,photo__rrect-lg__rest x0.19
dark 0.25,1x-dark-standard-glass0.25,css,P,rest,non-holdout,4,0,4,0.2702,0.1958,1.5167,1.0363,0.0353,False,photo__capsule-button__rest x0.20
dark 0.25,1x-dark-standard-glass0.25,css,T,inactive,non-holdout,1,0,1,1.7860,1.7860,1.7860,0.4547,0.1256,False,hc-text-7__rrect-md__inactive x1.79
dark 0.25,1x-dark-standard-glass0.25,css,T,rest,non-holdout,3,1,2,0.4413,0.1365,0.7949,0.6900,0.0525,False,hc-text-7__rrect-sm__rest x0.14
dark 0.25,1x-dark-standard-glass0.25,webgpu,C,inactive,holdout,1,0,1,1.7432,1.7432,1.7432,0.4729,0.0891,False,checkerboard__glass-over-glass__inactive x1.74
dark 0.25,1x-dark-standard-glass0.25,webgpu,C,inactive,non-holdout,15,1,14,1.3470,0.3914,7.2014,0.5381,0.0716,False,impulse__rrect-ml__inactive x7.20
dark 0.25,1x-dark-standard-glass0.25,webgpu,C,rest,holdout,1,0,1,0.7280,0.7280,0.7280,0.2928,0.0328,False,checkerboard__glass-over-glass__rest x0.73
dark 0.25,1x-dark-standard-glass0.25,webgpu,C,rest,non-holdout,29,5,24,0.6257,0.2543,1.2233,0.4230,0.0292,False,checkerboard-64__capsule-button__rest x0.25
dark 0.25,1x-dark-standard-glass0.25,webgpu,F,inactive,non-holdout,3,0,3,2.8768,1.5762,3.3452,0.8684,0.1246,False,checkerboard-8__rrect-lg__inactive x3.35
dark 0.25,1x-dark-standard-glass0.25,webgpu,F,rest,non-holdout,12,3,9,0.8012,0.3312,1.8243,0.4726,0.0488,False,checkerboard-4__capsule-button__rest x0.33
dark 0.25,1x-dark-standard-glass0.25,webgpu,P,inactive,holdout,2,0,2,0.2428,0.2347,0.2509,1.2239,0.0334,False,photo__rrect-lg__inactive x0.23
dark 0.25,1x-dark-standard-glass0.25,webgpu,P,inactive,non-holdout,5,0,5,0.2527,0.2245,1.7053,1.1926,0.0353,False,photo__capsule-button__inactive x0.22
dark 0.25,1x-dark-standard-glass0.25,webgpu,P,rest,holdout,1,0,1,0.2970,0.2970,0.2970,1.0704,0.0321,False,photo__rrect-lg__rest x0.30
dark 0.25,1x-dark-standard-glass0.25,webgpu,P,rest,non-holdout,4,0,4,0.4850,0.3695,1.5787,0.6021,0.0353,False,photo__rrect-md__rest x0.37
dark 0.25,1x-dark-standard-glass0.25,webgpu,T,inactive,non-holdout,1,0,1,1.9206,1.9206,1.9206,0.5153,0.1256,False,hc-text-7__rrect-md__inactive x1.92
dark 0.25,1x-dark-standard-glass0.25,webgpu,T,rest,non-holdout,3,0,3,0.6697,0.2411,1.4866,0.3491,0.0525,False,hc-text-7__rrect-sm__rest x0.24
dark 0.25,2x-dark-standard-glass0.25,css,C,inactive,holdout,1,0,1,0.6714,0.6714,0.6714,0.3232,0.0767,False,checkerboard__glass-over-glass__inactive x0.67
dark 0.25,2x-dark-standard-glass0.25,css,C,inactive,non-holdout,15,3,12,0.5857,0.0972,2.7324,0.4733,0.0759,False,checkerboard__capsule-button__inactive-tint-orange x0.10
dark 0.25,2x-dark-standard-glass0.25,css,C,rest,holdout,1,0,1,0.2947,0.2947,0.2947,1.0556,0.0371,False,checkerboard__glass-over-glass__rest x0.29
dark 0.25,2x-dark-standard-glass0.25,css,C,rest,non-holdout,29,1,28,0.2525,0.1386,0.9226,1.2169,0.0257,False,checkerboard__capsule-button__rest x0.16
dark 0.25,2x-dark-standard-glass0.25,css,F,inactive,non-holdout,3,2,1,1.3639,1.3556,1.4715,0.2233,0.1464,False,checkerboard-8__rrect-lg__inactive x1.47
dark 0.25,2x-dark-standard-glass0.25,css,F,rest,non-holdout,12,0,12,0.1795,0.0927,0.5682,1.2542,0.0745,False,checkerboard-4__rrect-sm__rest x0.09
dark 0.25,2x-dark-standard-glass0.25,css,P,inactive,holdout,2,0,2,0.2504,0.2330,0.2678,1.2016,0.0334,False,photo__rrect-lg__inactive x0.23
dark 0.25,2x-dark-standard-glass0.25,css,P,inactive,non-holdout,5,0,5,0.2595,0.0520,1.6590,1.1695,0.0354,False,photo__capsule-button__inactive-tint-orange x0.05
dark 0.25,2x-dark-standard-glass0.25,css,P,rest,holdout,1,0,1,0.2148,0.2148,0.2148,1.3237,0.0322,False,photo__rrect-lg__rest x0.21
dark 0.25,2x-dark-standard-glass0.25,css,P,rest,non-holdout,4,0,4,0.2409,0.2134,1.4471,1.0788,0.0345,False,photo__rrect-md__rest x0.23
dark 0.25,2x-dark-standard-glass0.25,css,T,inactive,non-holdout,1,1,0,1.2444,1.2444,1.2444,0.0697,0.3018,False,hc-text-7__rrect-md__inactive x1.24
dark 0.25,2x-dark-standard-glass0.25,css,T,rest,non-holdout,3,1,2,0.0916,0.0458,0.7983,1.3568,0.0874,False,hc-text-7__rrect-sm__rest x0.05
dark 0.25,2x-dark-standard-glass0.25,webgpu,C,inactive,holdout,1,0,1,1.3202,1.3202,1.3202,0.2383,0.0767,False,checkerboard__glass-over-glass__inactive x1.32
dark 0.25,2x-dark-standard-glass0.25,webgpu,C,inactive,non-holdout,15,3,12,1.1152,0.4782,2.7793,0.4899,0.0759,False,"impulse__capsule-button__inactive native 0, web +15.25 codes"
dark 0.25,2x-dark-standard-glass0.25,webgpu,C,rest,holdout,1,0,1,0.7432,0.7432,0.7432,0.2709,0.0371,False,checkerboard__glass-over-glass__rest x0.74
dark 0.25,2x-dark-standard-glass0.25,webgpu,C,rest,non-holdout,29,3,26,0.5404,0.2620,1.1526,0.5143,0.0257,False,checkerboard-64__capsule-button__rest x0.26
dark 0.25,2x-dark-standard-glass0.25,webgpu,F,inactive,non-holdout,3,0,3,3.2771,2.1353,3.6007,0.9423,0.1464,False,checkerboard-8__rrect-lg__inactive x3.60
dark 0.25,2x-dark-standard-glass0.25,webgpu,F,rest,non-holdout,12,3,9,0.6097,0.2304,1.7245,0.4410,0.0745,False,checkerboard-4__capsule-button__rest x0.23
dark 0.25,2x-dark-standard-glass0.25,webgpu,P,inactive,holdout,2,0,2,0.2636,0.2547,0.2724,1.1604,0.0334,False,photo__rrect-lg__inactive x0.25
dark 0.25,2x-dark-standard-glass0.25,webgpu,P,inactive,non-holdout,5,0,5,0.2634,0.2071,1.7135,1.1443,0.0354,False,photo__capsule-button__inactive x0.21
dark 0.25,2x-dark-standard-glass0.25,webgpu,P,rest,holdout,1,0,1,0.2828,0.2828,0.2828,1.1094,0.0322,False,photo__rrect-lg__rest x0.28
dark 0.25,2x-dark-standard-glass0.25,webgpu,P,rest,non-holdout,4,0,4,0.3682,0.3335,1.5452,0.7997,0.0345,False,photo__rrect-md__rest x0.33
dark 0.25,2x-dark-standard-glass0.25,webgpu,T,inactive,non-holdout,1,1,0,2.4544,2.4544,2.4544,0.3573,0.3018,False,hc-text-7__rrect-md__inactive x2.45
dark 0.25,2x-dark-standard-glass0.25,webgpu,T,rest,non-holdout,3,1,2,0.3320,0.1345,3.0559,0.7897,0.0874,False,hc-text-7__rrect-sm__rest x0.13
dark 0.5,1x-dark-standard-glass0.5,css,C,inactive,holdout,1,0,1,0.6465,0.6465,0.6465,0.3375,0.0906,True,checkerboard__glass-over-glass__inactive x0.65
dark 0.5,1x-dark-standard-glass0.5,css,C,inactive,non-holdout,14,6,8,0.8165,0.0000,20.1496,0.3351,0.1021,True,impulse__rrect-lg__inactive x20.15
dark 0.5,1x-dark-standard-glass0.5,css,C,rest,holdout,1,0,1,0.4005,0.4005,0.4005,0.7901,0.0435,True,checkerboard__glass-over-glass__rest x0.40
dark 0.5,1x-dark-standard-glass0.5,css,C,rest,non-holdout,24,1,23,0.3402,0.1953,0.8616,0.9135,0.0331,True,checkerboard-64__capsule-button__rest x0.22
dark 0.5,1x-dark-standard-glass0.5,css,F,inactive,non-holdout,3,2,1,0.7280,0.5323,0.7727,0.2199,0.1281,True,checkerboard-8__rrect-lg__inactive x0.53
dark 0.5,1x-dark-standard-glass0.5,css,F,rest,non-holdout,12,0,12,0.2225,0.1098,0.3412,1.1655,0.0580,True,checkerboard-4__capsule-button__rest x0.15
dark 0.5,1x-dark-standard-glass0.5,css,P,inactive,holdout,2,0,2,0.2377,0.2207,0.2548,1.2229,0.0368,True,photo__rrect-lg__inactive x0.22
dark 0.5,1x-dark-standard-glass0.5,css,P,inactive,non-holdout,4,0,4,0.2363,0.0749,0.2540,1.2148,0.0394,True,photo__capsule-button__inactive-tint-orange x0.07
dark 0.5,1x-dark-standard-glass0.5,css,P,rest,holdout,1,0,1,0.2192,0.2192,0.2192,1.2862,0.0359,True,photo__rrect-lg__rest x0.22
dark 0.5,1x-dark-standard-glass0.5,css,P,rest,non-holdout,3,0,3,0.2292,0.2063,0.3347,1.2357,0.0391,True,photo__capsule-button__rest x0.21
dark 0.5,1x-dark-standard-glass0.5,css,T,inactive,non-holdout,1,0,1,1.7393,1.7393,1.7393,0.4391,0.1197,True,hc-text-7__rrect-md__inactive x1.74
dark 0.5,1x-dark-standard-glass0.5,css,T,rest,non-holdout,3,1,2,0.6793,0.2095,0.7241,0.3166,0.0741,True,hc-text-7__rrect-sm__rest x0.21
dark 0.5,1x-dark-standard-glass0.5,webgpu,C,inactive,holdout,1,0,1,1.8470,1.8470,1.8470,0.5225,0.0906,True,checkerboard__glass-over-glass__inactive x1.85
dark 0.5,1x-dark-standard-glass0.5,webgpu,C,inactive,non-holdout,14,0,14,1.9675,0.4680,19.3298,0.7053,0.1021,True,impulse__capsule-button__inactive x19.33
dark 0.5,1x-dark-standard-glass0.5,webgpu,C,rest,holdout,1,1,0,0.9947,0.9947,0.9947,0.0049,0.0435,True,checkerboard__glass-over-glass__rest x0.99
dark 0.5,1x-dark-standard-glass0.5,webgpu,C,rest,non-holdout,24,6,18,0.7554,0.2769,1.2813,0.2482,0.0331,True,checkerboard-64__capsule-button__rest x0.28
dark 0.5,1x-dark-standard-glass0.5,webgpu,F,inactive,non-holdout,3,0,3,2.0166,1.6933,3.1034,0.5936,0.1281,True,checkerboard-8__rrect-md__inactive x3.10
dark 0.5,1x-dark-standard-glass0.5,webgpu,F,rest,non-holdout,12,4,8,0.9430,0.4602,1.8647,0.2369,0.0580,True,checkerboard-4__capsule-button__rest x0.46
dark 0.5,1x-dark-standard-glass0.5,webgpu,P,inactive,holdout,2,0,2,0.2831,0.2682,0.2979,1.0892,0.0368,True,photo__rrect-lg__inactive x0.27
dark 0.5,1x-dark-standard-glass0.5,webgpu,P,inactive,non-holdout,4,0,4,0.2763,0.2352,0.2932,1.0829,0.0394,True,photo__capsule-button__inactive x0.24
dark 0.5,1x-dark-standard-glass0.5,webgpu,P,rest,holdout,1,0,1,0.3396,0.3396,0.3396,0.9469,0.0359,True,photo__rrect-lg__rest x0.34
dark 0.5,1x-dark-standard-glass0.5,webgpu,P,rest,non-holdout,3,0,3,0.4452,0.4126,0.5431,0.7199,0.0391,True,photo__rrect-md__rest x0.41
dark 0.5,1x-dark-standard-glass0.5,webgpu,T,inactive,non-holdout,1,0,1,1.8800,1.8800,1.8800,0.5046,0.1197,True,hc-text-7__rrect-md__inactive x1.88
dark 0.5,1x-dark-standard-glass0.5,webgpu,T,rest,non-holdout,3,1,2,1.0333,0.3700,1.3485,0.2317,0.0741,True,hc-text-7__rrect-sm__rest x0.37
dark 0.5,2x-dark-standard-glass0.5,css,C,inactive,holdout,1,1,0,0.8346,0.8346,0.8346,0.1437,0.0912,True,checkerboard__glass-over-glass__inactive x0.83
dark 0.5,2x-dark-standard-glass0.5,css,C,inactive,non-holdout,4,2,2,0.7993,0.1429,0.9295,0.3369,0.0601,True,checkerboard__capsule-button__inactive-tint-orange x0.14
dark 0.5,2x-dark-standard-glass0.5,css,C,rest,holdout,1,0,1,0.3869,0.3869,0.3869,0.8093,0.0464,True,checkerboard__glass-over-glass__rest x0.39
dark 0.5,2x-dark-standard-glass0.5,css,C,rest,non-holdout,4,0,4,0.2272,0.1420,0.2537,1.2776,0.0297,True,checkerboard__capsule-button__rest x0.23
dark 0.5,2x-dark-standard-glass0.5,css,P,inactive,holdout,2,0,2,0.2877,0.2701,0.3052,1.0759,0.0371,True,photo__rrect-lg__inactive x0.27
dark 0.5,2x-dark-standard-glass0.5,css,P,inactive,non-holdout,3,0,3,0.2694,0.0546,0.2948,1.1239,0.0406,True,photo__capsule-button__inactive-tint-orange x0.05
dark 0.5,2x-dark-standard-glass0.5,css,P,rest,holdout,1,0,1,0.2470,0.2470,0.2470,1.1978,0.0358,True,photo__rrect-lg__rest x0.25
dark 0.5,2x-dark-standard-glass0.5,css,P,rest,non-holdout,3,0,3,0.2567,0.2135,0.2637,1.1475,0.0385,True,photo__rrect-md__rest x0.26
dark 0.5,2x-dark-standard-glass0.5,webgpu,C,inactive,holdout,1,0,1,1.7030,1.7030,1.7030,0.4503,0.0912,True,checkerboard__glass-over-glass__inactive x1.70
dark 0.5,2x-dark-standard-glass0.5,webgpu,C,inactive,non-holdout,14,1,13,1.5340,0.5887,2795776.6788,0.4756,0.0932,True,"impulse__capsule-button__inactive native 0, web +16.92 codes"
dark 0.5,2x-dark-standard-glass0.5,webgpu,C,rest,holdout,1,1,0,0.9629,0.9629,0.9629,0.0341,0.0464,True,checkerboard__glass-over-glass__rest x0.96
dark 0.5,2x-dark-standard-glass0.5,webgpu,C,rest,non-holdout,24,3,21,0.6205,0.2863,1.2031,0.4051,0.0322,True,checkerboard-64__capsule-button__rest x0.29
dark 0.5,2x-dark-standard-glass0.5,webgpu,F,inactive,non-holdout,3,0,3,3.5829,2.2062,3.8203,1.0083,0.1492,True,checkerboard-8__rrect-lg__inactive x3.82
dark 0.5,2x-dark-standard-glass0.5,webgpu,F,rest,non-holdout,12,4,8,0.7690,0.3273,1.7304,0.4247,0.0770,True,checkerboard-4__capsule-button__rest x0.33
dark 0.5,2x-dark-standard-glass0.5,webgpu,P,inactive,holdout,2,0,2,0.3092,0.2942,0.3242,1.0188,0.0371,True,photo__rrect-lg__inactive x0.29
dark 0.5,2x-dark-standard-glass0.5,webgpu,P,inactive,non-holdout,4,0,4,0.2832,0.2166,0.3203,1.0673,0.0390,True,photo__capsule-button__inactive x0.22
dark 0.5,2x-dark-standard-glass0.5,webgpu,P,rest,holdout,1,0,1,0.3233,0.3233,0.3233,0.9872,0.0358,True,photo__rrect-lg__rest x0.32
dark 0.5,2x-dark-standard-glass0.5,webgpu,P,rest,non-holdout,3,0,3,0.3749,0.3548,0.3973,0.8580,0.0385,True,photo__capsule-button__rest x0.35
dark 0.5,2x-dark-standard-glass0.5,webgpu,T,inactive,non-holdout,1,1,0,2.9563,2.9563,2.9563,0.4228,0.3115,True,hc-text-7__rrect-md__inactive x2.96
dark 0.5,2x-dark-standard-glass0.5,webgpu,T,rest,non-holdout,3,2,1,0.6352,0.2022,2.9822,0.4516,0.1377,True,hc-text-7__rrect-sm__rest x0.20
light 0.25,1x-light-standard-glass0.25,css,C,inactive,holdout,5,1,4,0.9418,0.2551,1.7434,0.3561,0.0475,False,hc-text__capsule-button__inactive-tint-orange x0.26
light 0.25,1x-light-standard-glass0.25,css,C,inactive,non-holdout,22,7,15,0.8851,0.1684,3.4704,0.3503,0.0387,False,checkerboard__capsule-button__inactive-tint-blue x0.17
light 0.25,1x-light-standard-glass0.25,css,C,rest,holdout,5,1,4,0.5655,0.1379,1.0266,0.5283,0.0273,False,hc-text__capsule-button__rest-tint-orange x0.14
light 0.25,1x-light-standard-glass0.25,css,C,rest,non-holdout,37,5,32,0.6924,0.0992,0.9609,0.3440,0.0263,False,checkerboard-64__capsule-button__rest-tint-orange x0.10
light 0.25,1x-light-standard-glass0.25,css,F,inactive,non-holdout,3,0,3,0.5348,0.4806,0.6974,0.4279,0.1076,False,checkerboard-4__rrect-md__inactive x0.48
light 0.25,1x-light-standard-glass0.25,css,F,rest,non-holdout,12,0,12,0.1300,0.0798,0.4746,1.5260,0.0444,False,checkerboard-4__capsule-button__rest x0.08
light 0.25,1x-light-standard-glass0.25,css,P,inactive,holdout,3,0,3,0.5799,0.0272,0.8435,0.5041,0.0284,False,photo__rrect-lg__inactive-tint-orange x0.03
light 0.25,1x-light-standard-glass0.25,css,P,inactive,non-holdout,11,1,10,0.5995,0.0461,1.2636,0.4554,0.0452,False,photo__rrect-md__inactive-tint-orange x0.05
light 0.25,1x-light-standard-glass0.25,css,P,rest,holdout,3,1,2,0.4612,0.0609,0.9750,0.7125,0.0268,False,photo__rrect-lg__rest-tint-orange x0.06
light 0.25,1x-light-standard-glass0.25,css,P,rest,non-holdout,11,0,11,0.4982,0.0800,0.8406,0.6418,0.0405,False,photo__capsule-button__rest-tint-blue x0.10
light 0.25,1x-light-standard-glass0.25,css,T,inactive,non-holdout,1,1,0,1.3727,1.3727,1.3727,0.1648,0.2308,False,hc-text-7__rrect-md__inactive x1.37
light 0.25,1x-light-standard-glass0.25,css,T,rest,non-holdout,3,1,2,0.2291,0.1171,0.8732,1.1429,0.0566,False,hc-text-7__rrect-sm__rest x0.12
light 0.25,1x-light-standard-glass0.25,webgpu,C,inactive,holdout,5,1,4,1.7398,1.0546,2.7774,0.5112,0.0475,False,checkerboard__rrect-lg__inactive x2.78
light 0.25,1x-light-standard-glass0.25,webgpu,C,inactive,non-holdout,22,8,14,1.3124,0.5492,4.7699,0.3224,0.0387,False,checkerboard__rrect-md__inactive-pressed x4.77
light 0.25,1x-light-standard-glass0.25,webgpu,C,rest,holdout,5,2,3,1.1988,0.9507,1.2864,0.1721,0.0273,False,checkerboard__rrect-lg__rest x1.29
light 0.25,1x-light-standard-glass0.25,webgpu,C,rest,non-holdout,37,23,14,1.0413,0.2493,1.5084,0.0914,0.0263,False,checkerboard-64__rrect-sm__rest x0.25
light 0.25,1x-light-standard-glass0.25,webgpu,F,inactive,non-holdout,3,1,2,2.1845,1.1655,2.4038,0.6347,0.1076,False,checkerboard-8__rrect-md__inactive x2.40
light 0.25,1x-light-standard-glass0.25,webgpu,F,rest,non-holdout,12,1,11,0.8185,0.3438,2.7213,0.3577,0.0444,False,checkerboard-4__capsule-button__rest x0.34
light 0.25,1x-light-standard-glass0.25,webgpu,P,inactive,holdout,3,0,3,0.7198,0.7136,0.8927,0.3045,0.0284,False,photo__rrect-lg__inactive x0.71
light 0.25,1x-light-standard-glass0.25,webgpu,P,inactive,non-holdout,11,0,11,0.7885,0.6751,1.4568,0.2319,0.0452,False,photo__toolbar-group__inactive x0.68
light 0.25,1x-light-standard-glass0.25,webgpu,P,rest,holdout,3,1,2,0.6557,0.5939,0.9551,0.3396,0.0268,False,photo__rrect-lg__rest x0.59
light 0.25,1x-light-standard-glass0.25,webgpu,P,rest,non-holdout,11,0,11,0.6504,0.5813,1.3549,0.3821,0.0405,False,photo__capsule-button__rest-tint-orange x0.58
light 0.25,1x-light-standard-glass0.25,webgpu,T,inactive,non-holdout,1,0,1,3.9816,3.9816,3.9816,0.8893,0.2308,False,hc-text-7__rrect-md__inactive x3.98
light 0.25,1x-light-standard-glass0.25,webgpu,T,rest,non-holdout,3,0,3,1.1416,0.6648,3.6056,0.3805,0.0566,False,hc-text-7__rrect-lg__rest x3.61
light 0.25,2x-light-standard-glass0.25,css,C,inactive,holdout,5,0,5,1.2782,0.2269,2.1365,0.6124,0.0533,False,hc-text__capsule-button__inactive-tint-orange x0.23
light 0.25,2x-light-standard-glass0.25,css,C,inactive,non-holdout,22,3,19,1.5625,0.1601,2.5440,0.4762,0.0444,False,checkerboard__capsule-button__inactive-tint-blue x0.16
light 0.25,2x-light-standard-glass0.25,css,C,rest,holdout,5,1,4,0.6907,0.1003,1.0281,0.3529,0.0287,False,hc-text__capsule-button__rest-tint-orange x0.10
light 0.25,2x-light-standard-glass0.25,css,C,rest,non-holdout,37,7,30,0.7533,0.0723,1.2074,0.2722,0.0267,False,checkerboard-64__capsule-button__rest-tint-orange x0.07
light 0.25,2x-light-standard-glass0.25,css,F,inactive,non-holdout,3,1,2,1.8487,0.6559,3.0496,0.4682,0.1239,False,checkerboard-8__rrect-md__inactive x3.05
light 0.25,2x-light-standard-glass0.25,css,F,rest,non-holdout,12,1,11,0.2397,0.0717,1.3379,0.9634,0.0495,False,checkerboard-4__capsule-button__rest x0.09
light 0.25,2x-light-standard-glass0.25,css,P,inactive,holdout,3,1,2,0.7184,0.0191,0.9130,0.3084,0.0283,False,photo__rrect-lg__inactive-tint-orange x0.02
light 0.25,2x-light-standard-glass0.25,css,P,inactive,non-holdout,11,2,9,0.7419,0.0266,1.2812,0.2782,0.0455,False,photo__rrect-md__inactive-tint-orange x0.03
light 0.25,2x-light-standard-glass0.25,css,P,rest,holdout,3,1,2,0.5467,0.0440,1.0009,0.5598,0.0268,False,photo__rrect-lg__rest-tint-orange x0.04
light 0.25,2x-light-standard-glass0.25,css,P,rest,non-holdout,11,0,11,0.5737,0.0461,0.8661,0.5148,0.0398,False,photo__capsule-button__rest-tint-blue x0.08
light 0.25,2x-light-standard-glass0.25,css,T,inactive,non-holdout,1,0,1,3.9669,3.9669,3.9669,0.7124,0.2814,False,hc-text-7__rrect-md__inactive x3.97
light 0.25,2x-light-standard-glass0.25,css,T,rest,non-holdout,3,1,2,0.4869,0.2296,2.3394,0.5300,0.0945,False,hc-text-7__rrect-sm__rest x0.23
light 0.25,2x-light-standard-glass0.25,webgpu,C,inactive,holdout,5,1,4,1.2977,0.9531,2.1517,0.2352,0.0533,False,checkerboard__rrect-lg__inactive x2.15
light 0.25,2x-light-standard-glass0.25,webgpu,C,inactive,non-holdout,22,5,17,1.1913,0.6337,2.8440,0.1886,0.0444,False,checkerboard__rrect-md__inactive-pressed x2.84
light 0.25,2x-light-standard-glass0.25,webgpu,C,rest,holdout,5,3,2,1.0635,0.9280,1.3961,0.0667,0.0287,False,checkerboard__rrect-lg__rest x1.40
light 0.25,2x-light-standard-glass0.25,webgpu,C,rest,non-holdout,37,23,14,1.0216,0.1950,1.2381,0.0810,0.0267,False,checkerboard-64__rrect-sm__rest x0.19
light 0.25,2x-light-standard-glass0.25,webgpu,F,inactive,non-holdout,3,1,2,1.7250,1.0428,2.4294,0.4122,0.1239,False,checkerboard-8__rrect-md__inactive x2.43
light 0.25,2x-light-standard-glass0.25,webgpu,F,rest,non-holdout,12,3,9,0.9742,0.5517,2.5990,0.2127,0.0495,False,checkerboard-8__rrect-lg__rest x2.60
light 0.25,2x-light-standard-glass0.25,webgpu,P,inactive,holdout,3,1,2,0.7629,0.7562,0.9028,0.2513,0.0283,False,photo__rrect-lg__inactive x0.76
light 0.25,2x-light-standard-glass0.25,webgpu,P,inactive,non-holdout,11,0,11,0.8229,0.7198,1.4587,0.1818,0.0455,False,photo__capsule-button__inactive-pressed x1.46
light 0.25,2x-light-standard-glass0.25,webgpu,P,rest,holdout,3,1,2,0.6585,0.6152,0.9640,0.3375,0.0268,False,photo__rrect-lg__rest x0.62
light 0.25,2x-light-standard-glass0.25,webgpu,P,rest,non-holdout,11,0,11,0.6504,0.5228,1.3345,0.3902,0.0398,False,photo__capsule-button__rest-tint-orange x0.52
light 0.25,2x-light-standard-glass0.25,webgpu,T,inactive,non-holdout,1,0,1,3.1287,3.1287,3.1287,0.5570,0.2814,False,hc-text-7__rrect-md__inactive x3.13
light 0.25,2x-light-standard-glass0.25,webgpu,T,rest,non-holdout,3,0,3,1.3328,0.7913,6.6602,0.2365,0.0945,False,hc-text-7__rrect-lg__rest x6.66
light 0.5,1x-light-increased-contrast-coupled-glass0.5,css,C,inactive,holdout,1,0,1,0.5893,0.5893,0.5893,0.4145,0.0834,True,hc-text__capsule-button__inactive x0.59
light 0.5,1x-light-increased-contrast-coupled-glass0.5,css,C,inactive,non-holdout,3,0,3,0.4265,0.2265,0.5041,0.6422,0.0596,True,checkerboard__capsule-button__inactive-tint-orange x0.23
light 0.5,1x-light-increased-contrast-coupled-glass0.5,css,C,rest,holdout,1,0,1,0.3344,0.3344,0.3344,0.7835,0.0880,True,hc-text__capsule-button__rest x0.33
light 0.5,1x-light-increased-contrast-coupled-glass0.5,css,C,rest,non-holdout,3,0,3,0.3320,0.3099,5.8824,0.9306,0.0836,True,checkerboard__capsule-button__rest-tint-orange x5.88
light 0.5,1x-light-increased-contrast-coupled-glass0.5,css,P,inactive,holdout,1,0,1,0.3458,0.3458,0.3458,0.7726,0.0850,True,photo__rrect-lg__inactive x0.35
light 0.5,1x-light-increased-contrast-coupled-glass0.5,css,P,inactive,non-holdout,4,0,4,0.3719,0.1105,0.4267,0.7640,0.0626,True,photo__capsule-button__inactive-tint-orange x0.11
light 0.5,1x-light-increased-contrast-coupled-glass0.5,css,P,rest,holdout,1,0,1,0.4148,0.4148,0.4148,0.6541,0.0860,True,photo__rrect-lg__rest x0.41
light 0.5,1x-light-increased-contrast-coupled-glass0.5,css,P,rest,non-holdout,4,0,4,0.4318,0.3986,6.4870,0.7410,0.0745,True,photo__capsule-button__rest-tint-orange x6.49
light 0.5,1x-light-increased-contrast-coupled-glass0.5,webgpu,C,inactive,holdout,1,0,1,4.8877,4.8877,4.8877,1.4379,0.0834,True,hc-text__capsule-button__inactive x4.89
light 0.5,1x-light-increased-contrast-coupled-glass0.5,webgpu,C,inactive,non-holdout,3,0,3,3.2938,3.2393,3.8440,1.1027,0.0596,True,checkerboard__rrect-md__inactive x3.84
light 0.5,1x-light-increased-contrast-coupled-glass0.5,webgpu,C,rest,holdout,1,1,0,0.9336,0.9336,0.9336,0.0558,0.0880,True,hc-text__capsule-button__rest x0.93
light 0.5,1x-light-increased-contrast-coupled-glass0.5,webgpu,C,rest,non-holdout,3,1,2,0.9690,0.7349,4.9414,0.2648,0.0836,True,checkerboard__capsule-button__rest-tint-orange x4.94
light 0.5,1x-light-increased-contrast-coupled-glass0.5,webgpu,P,inactive,holdout,1,0,1,3.0760,3.0760,3.0760,0.9961,0.0850,True,photo__rrect-lg__inactive x3.08
light 0.5,1x-light-increased-contrast-coupled-glass0.5,webgpu,P,inactive,non-holdout,4,0,4,3.5394,2.7486,3.7746,1.1666,0.0626,True,photo__rrect-md__inactive x3.77
light 0.5,1x-light-increased-contrast-coupled-glass0.5,webgpu,P,rest,holdout,1,0,1,0.6708,0.6708,0.6708,0.3148,0.0860,True,photo__rrect-lg__rest x0.67
light 0.5,1x-light-increased-contrast-coupled-glass0.5,webgpu,P,rest,non-holdout,4,0,4,0.6163,0.5139,5.2782,0.5185,0.0745,True,photo__capsule-button__rest-tint-orange x5.28
light 0.5,1x-light-reduced-transparency-glass0.5,css,C,inactive,holdout,1,0,1,0.5191,0.5191,0.5191,0.5542,0.0560,True,hc-text__capsule-button__inactive x0.52
light 0.5,1x-light-reduced-transparency-glass0.5,css,C,inactive,non-holdout,2,0,2,0.4242,0.4021,0.4462,0.7200,0.0525,True,checkerboard__rrect-md__inactive x0.40
light 0.5,1x-light-reduced-transparency-glass0.5,css,C,rest,holdout,1,0,1,0.3414,0.3414,0.3414,0.8567,0.0612,True,hc-text__capsule-button__rest x0.34
light 0.5,1x-light-reduced-transparency-glass0.5,css,C,rest,non-holdout,2,0,2,0.2519,0.1977,0.3062,1.0889,0.0552,True,checkerboard__rrect-md__rest x0.20
light 0.5,1x-light-reduced-transparency-glass0.5,css,P,inactive,holdout,1,0,1,0.3087,0.3087,0.3087,0.8344,0.0868,True,photo__rrect-lg__inactive x0.31
light 0.5,1x-light-reduced-transparency-glass0.5,css,P,inactive,non-holdout,4,0,4,0.3308,0.0830,0.4097,0.8466,0.0602,True,photo__capsule-button__inactive-tint-orange x0.08
light 0.5,1x-light-reduced-transparency-glass0.5,css,P,rest,holdout,1,0,1,0.3207,0.3207,0.3207,0.8006,0.0903,True,photo__rrect-lg__rest x0.32
light 0.5,1x-light-reduced-transparency-glass0.5,css,P,rest,non-holdout,4,0,4,0.3319,0.0887,0.3886,0.8419,0.0768,True,photo__capsule-button__rest-tint-orange x0.09
light 0.5,1x-light-reduced-transparency-glass0.5,webgpu,C,inactive,holdout,1,0,1,0.7390,0.7390,0.7390,0.2625,0.0560,True,hc-text__capsule-button__inactive x0.74
light 0.5,1x-light-reduced-transparency-glass0.5,webgpu,C,inactive,non-holdout,2,0,2,0.7120,0.6613,0.7626,0.3009,0.0525,True,checkerboard__capsule-button__inactive x0.66
light 0.5,1x-light-reduced-transparency-glass0.5,webgpu,C,rest,holdout,1,0,1,0.7974,0.7974,0.7974,0.1949,0.0612,True,hc-text__capsule-button__rest x0.80
light 0.5,1x-light-reduced-transparency-glass0.5,webgpu,C,rest,non-holdout,2,0,2,0.7577,0.6977,0.8177,0.2462,0.0552,True,checkerboard__capsule-button__rest x0.70
light 0.5,1x-light-reduced-transparency-glass0.5,webgpu,P,inactive,holdout,1,0,1,0.6955,0.6955,0.6955,0.2867,0.0868,True,photo__rrect-lg__inactive x0.70
light 0.5,1x-light-reduced-transparency-glass0.5,webgpu,P,inactive,non-holdout,4,0,4,0.6099,0.4157,0.7161,0.4146,0.0602,True,photo__capsule-button__inactive-tint-orange x0.42
light 0.5,1x-light-reduced-transparency-glass0.5,webgpu,P,rest,holdout,1,0,1,0.7522,0.7522,0.7522,0.2244,0.0903,True,photo__rrect-lg__rest x0.75
light 0.5,1x-light-reduced-transparency-glass0.5,webgpu,P,rest,non-holdout,4,0,4,0.6836,0.5961,0.7863,0.2863,0.0768,True,photo__capsule-button__rest x0.60
light 0.5,1x-light-standard-glass0.5,css,C,inactive,holdout,5,2,3,1.0052,0.2963,1.4604,0.2993,0.0601,True,hc-text__capsule-button__inactive-tint-orange x0.30
light 0.5,1x-light-standard-glass0.5,css,C,inactive,non-holdout,19,3,16,0.6635,0.2068,1.6947,0.4287,0.0481,True,checkerboard__capsule-button__inactive-tint-blue x0.24
light 0.5,1x-light-standard-glass0.5,css,C,rest,holdout,5,0,5,0.6228,0.1943,1.1974,0.4275,0.0381,True,hc-text__capsule-button__rest-tint-orange x0.19
light 0.5,1x-light-standard-glass0.5,css,C,rest,non-holdout,30,7,23,0.8010,0.1006,1.2404,0.2074,0.0370,True,checkerboard-64__capsule-button__rest-tint-orange x0.10
light 0.5,1x-light-standard-glass0.5,css,F,inactive,non-holdout,3,0,3,0.4565,0.3192,0.6398,0.5474,0.1064,True,checkerboard-8__rrect-lg__inactive x0.32
light 0.5,1x-light-standard-glass0.5,css,F,rest,non-holdout,12,0,12,0.1815,0.1274,0.4341,1.2312,0.0580,True,checkerboard-4__capsule-button__rest x0.13
light 0.5,1x-light-standard-glass0.5,css,P,inactive,holdout,3,0,3,0.4725,0.0239,0.8630,0.6783,0.0326,True,photo__rrect-lg__inactive-tint-orange x0.02
light 0.5,1x-light-standard-glass0.5,css,P,inactive,non-holdout,9,0,9,0.5001,0.0412,0.6426,0.6254,0.0521,True,photo__rrect-md__inactive-tint-orange x0.04
light 0.5,1x-light-standard-glass0.5,css,P,rest,holdout,3,1,2,0.4397,0.0586,0.9474,0.7449,0.0308,True,photo__rrect-lg__rest-tint-orange x0.06
light 0.5,1x-light-standard-glass0.5,css,P,rest,non-holdout,9,0,9,0.4035,0.0720,0.6522,0.7312,0.0632,True,photo__capsule-button__rest-tint-blue x0.11
light 0.5,1x-light-standard-glass0.5,css,T,inactive,non-holdout,1,1,0,1.4255,1.4255,1.4255,0.1721,0.2463,True,hc-text-7__rrect-md__inactive x1.43
light 0.5,1x-light-standard-glass0.5,css,T,rest,non-holdout,3,1,2,0.3337,0.1757,0.5778,0.7678,0.0933,True,hc-text-7__rrect-sm__rest x0.18
light 0.5,1x-light-standard-glass0.5,webgpu,C,inactive,holdout,5,1,4,1.8232,1.0712,2.4084,0.5431,0.0601,True,checkerboard__rrect-lg__inactive x2.41
light 0.5,1x-light-standard-glass0.5,webgpu,C,inactive,non-holdout,19,5,14,1.0720,0.5468,2.6491,0.4096,0.0481,True,checkerboard__rrect-ml__inactive x2.65
light 0.5,1x-light-standard-glass0.5,webgpu,C,rest,holdout,5,1,4,1.2815,1.1076,2.0281,0.2338,0.0381,True,checkerboard__rrect-lg__rest x2.03
light 0.5,1x-light-standard-glass0.5,webgpu,C,rest,non-holdout,30,7,23,1.2099,0.1886,1.6024,0.1930,0.0370,True,checkerboard-64__rrect-sm__rest x0.19
light 0.5,1x-light-standard-glass0.5,webgpu,F,inactive,non-holdout,3,1,2,1.2472,1.1008,2.1816,0.1852,0.1064,True,checkerboard-8__rrect-md__inactive x2.18
light 0.5,1x-light-standard-glass0.5,webgpu,F,rest,non-holdout,12,4,8,0.9296,0.4744,2.4144,0.1803,0.0580,True,checkerboard-8__rrect-ml__rest x2.41
light 0.5,1x-light-standard-glass0.5,webgpu,P,inactive,holdout,3,0,3,0.6213,0.6085,0.8897,0.4363,0.0326,True,photo__rrect-lg__inactive-tint-orange x0.61
light 0.5,1x-light-standard-glass0.5,webgpu,P,inactive,non-holdout,9,0,9,0.6795,0.6518,0.7220,0.3347,0.0521,True,photo__rrect-md__inactive-tint-orange x0.65
light 0.5,1x-light-standard-glass0.5,webgpu,P,rest,holdout,3,1,2,0.6447,0.5601,0.9115,0.3434,0.0308,True,photo__rrect-lg__rest x0.56
light 0.5,1x-light-standard-glass0.5,webgpu,P,rest,non-holdout,9,0,9,0.6272,0.5784,0.7511,0.3878,0.0632,True,photo__rrect-ml__rest x0.60
light 0.5,1x-light-standard-glass0.5,webgpu,T,inactive,non-holdout,1,0,1,4.3905,4.3905,4.3905,0.9150,0.2463,True,hc-text-7__rrect-md__inactive x4.39
light 0.5,1x-light-standard-glass0.5,webgpu,T,rest,non-holdout,3,1,2,1.5943,0.9327,2.2182,0.3907,0.0933,True,hc-text-7__rrect-lg__rest x2.22
light 0.5,2x-light-standard-glass0.5,css,C,inactive,holdout,5,1,4,0.6676,0.2597,2.2258,0.4236,0.0642,True,hc-text__capsule-button__inactive-tint-orange x0.26
light 0.5,2x-light-standard-glass0.5,css,C,inactive,non-holdout,9,1,8,0.7530,0.2405,2.4319,0.7722,0.0586,True,checkerboard__capsule-button__inactive-tint-blue x0.24
light 0.5,2x-light-standard-glass0.5,css,C,rest,holdout,5,1,4,0.5270,0.1320,1.0408,0.5763,0.0363,True,hc-text__capsule-button__rest-tint-orange x0.13
light 0.5,2x-light-standard-glass0.5,css,C,rest,non-holdout,10,0,10,0.3664,0.1286,0.8134,0.8255,0.0538,True,impulse__capsule-button__rest-tint-orange x0.13
light 0.5,2x-light-standard-glass0.5,css,P,inactive,holdout,3,1,2,0.5877,0.0169,0.9108,0.4857,0.0329,True,photo__rrect-lg__inactive-tint-orange x0.02
light 0.5,2x-light-standard-glass0.5,css,P,inactive,non-holdout,8,1,7,0.5541,0.0220,0.8316,0.5355,0.0533,True,photo__rrect-md__inactive-tint-orange x0.02
light 0.5,2x-light-standard-glass0.5,css,P,rest,holdout,3,1,2,0.5128,0.0409,0.9684,0.6099,0.0309,True,photo__rrect-lg__rest-tint-orange x0.04
light 0.5,2x-light-standard-glass0.5,css,P,rest,non-holdout,9,0,9,0.3855,0.0421,0.6822,0.7619,0.0636,True,photo__capsule-button__rest-tint-blue x0.08
light 0.5,2x-light-standard-glass0.5,webgpu,C,inactive,holdout,5,0,5,2.4281,0.7555,2.8581,0.7057,0.0642,True,hc-text__capsule-button__inactive x2.86
light 0.5,2x-light-standard-glass0.5,webgpu,C,inactive,non-holdout,19,8,11,1.1947,0.6164,2.9595,0.2978,0.0586,True,checkerboard__rrect-sm__inactive x2.96
light 0.5,2x-light-standard-glass0.5,webgpu,C,rest,holdout,5,1,4,0.6903,0.5590,1.0273,0.3091,0.0363,True,hc-text__rrect-md__rest x0.56
light 0.5,2x-light-standard-glass0.5,webgpu,C,rest,non-holdout,30,5,25,0.7778,0.3557,1.0226,0.2257,0.0349,True,checkerboard-64__rrect-sm__rest x0.36
light 0.5,2x-light-standard-glass0.5,webgpu,F,inactive,non-holdout,3,3,0,0.9614,0.9420,1.0168,0.0292,0.1230,True,checkerboard-8__rrect-md__inactive x0.94
light 0.5,2x-light-standard-glass0.5,webgpu,F,rest,non-holdout,12,5,7,0.7332,0.5164,1.1155,0.2741,0.0664,True,checkerboard-4__capsule-button__rest x0.52
light 0.5,2x-light-standard-glass0.5,webgpu,P,inactive,holdout,3,1,2,0.6764,0.6621,0.9139,0.3595,0.0329,True,photo__rrect-lg__inactive-tint-orange x0.66
light 0.5,2x-light-standard-glass0.5,webgpu,P,inactive,non-holdout,9,1,8,0.7480,0.7028,0.8014,0.2526,0.0524,True,photo__rrect-md__inactive-tint-orange x0.70
light 0.5,2x-light-standard-glass0.5,webgpu,P,rest,holdout,3,1,2,0.6298,0.5662,0.9172,0.3626,0.0309,True,photo__rrect-lg__rest x0.57
light 0.5,2x-light-standard-glass0.5,webgpu,P,rest,non-holdout,9,0,9,0.5943,0.4958,0.7288,0.4737,0.0636,True,photo__rrect-sm__rest x0.50
light 0.5,2x-light-standard-glass0.5,webgpu,T,inactive,non-holdout,1,1,0,1.8158,1.8158,1.8158,0.2008,0.3102,True,hc-text-7__rrect-md__inactive x1.82
light 0.5,2x-light-standard-glass0.5,webgpu,T,rest,non-holdout,3,1,2,1.0439,0.7137,3.9635,0.2974,0.1461,True,hc-text-7__rrect-lg__rest x3.96
