glass,scale,background,component,pose,status,support,pixels,native_encoded_luma_mean_codes,web_encoded_luma_mean_codes,native_encoded_luma_median_codes,web_encoded_luma_median_codes,native_linear_luma_mean,web_linear_luma_mean,native_rgb_mean_codes,web_rgb_mean_codes,tone_input_x,tone_input_provenance,tone_branch,tone_authority,first_ordinate_linear,curve_response_linear_before_far_level
0.25,1,dark-solid,rrect-sm,rest,MEASURED_PAIR,deep8,768,58.28001874999999,58.07219999999999,58.180499999999995,58.072199999999995,0.042714763402026866,0.042414195886340704,"[57.96875, 58.1484375, 60.5]","[58.0, 58.0, 59.0]",0.11038773116387571,sRGB encode(report.backdropTone.level); source-uniform x reconstructed in float64,ORDINATE_CURVE,1.0,0.036,0.04203911052826137
0.25,1,dark-solid,rrect-sm,rest,MEASURED_PAIR,core24,0,,,,,,,,,0.11038773116387571,sRGB encode(report.backdropTone.level); source-uniform x reconstructed in float64,ORDINATE_CURVE,1.0,0.036,0.04203911052826137
0.25,1,dark-solid,rrect-sm,inactive,MEASURED_PAIR,deep8,768,48.21659999999999,37.0722,48.2166,37.0722,0.029812995137816895,0.018563910696201443,"[48.0, 48.0, 51.0]","[37.0, 37.0, 38.0]",0.1103663370013237,report.state.backdropToneAbscissae[0].encodedLuminance: recorded GPU reduction/readback; silhouette-tone.ts toneReadingsFromBuffer slot i*8+4; WGSL tones.stats.x = mean.w,ORDINATE_CURVE,1.0,0.0,0.018794747324858415
0.25,1,dark-solid,rrect-sm,inactive,MEASURED_PAIR,core24,0,,,,,,,,,0.1103663370013237,report.state.backdropToneAbscissae[0].encodedLuminance: recorded GPU reduction/readback; silhouette-tone.ts toneReadingsFromBuffer slot i*8+4; WGSL tones.stats.x = mean.w,ORDINATE_CURVE,1.0,0.0,0.018794747324858415
0.25,1,dark-solid,rrect-md,rest,MEASURED_PAIR,deep8,11392,56.912373560393256,57.138848103932595,57.1444,57.1444,0.04080073089649956,0.04111088501982425,"[56.75825140449438, 56.75825140449438, 58.892907303370784]","[57.0, 57.0, 58.92310393258427]",0.11038773116387571,sRGB encode(report.backdropTone.level); source-uniform x reconstructed in float64,ORDINATE_CURVE,1.0,0.031,0.04146027692032908
0.25,1,dark-solid,rrect-md,rest,MEASURED_PAIR,core24,5376,57.144400000000005,57.144400000000005,57.1444,57.1444,0.04111878880253187,0.04111878880253187,"[57.0, 57.0, 59.0]","[57.0, 57.0, 59.0]",0.11038773116387571,sRGB encode(report.backdropTone.level); source-uniform x reconstructed in float64,ORDINATE_CURVE,1.0,0.031,0.04146027692032908
0.25,1,dark-solid,rrect-md,inactive,MEASURED_PAIR,deep8,11392,48.14440000000001,33.0722,48.1444,33.072199999999995,0.029725724579270432,0.015265392062568208,"[48.0, 48.0, 50.0]","[33.0, 33.0, 34.0]",0.1103663295507431,report.state.backdropToneAbscissae[0].encodedLuminance: recorded GPU reduction/readback; silhouette-tone.ts toneReadingsFromBuffer slot i*8+4; WGSL tones.stats.x = mean.w,ORDINATE_CURVE,1.0,0.0,0.015579789310292379
0.25,1,dark-solid,rrect-md,inactive,MEASURED_PAIR,core24,5376,48.144400000000005,33.0722,48.1444,33.072199999999995,0.029725724579270436,0.015265392062568207,"[48.0, 48.0, 50.0]","[33.0, 33.0, 34.0]",0.1103663295507431,report.state.backdropToneAbscissae[0].encodedLuminance: recorded GPU reduction/readback; silhouette-tone.ts toneReadingsFromBuffer slot i*8+4; WGSL tones.stats.x = mean.w,ORDINATE_CURVE,1.0,0.0,0.015579789310292379
0.25,1,dark-solid,rrect-ml,rest,MEASURED_PAIR,deep8,22976,55.07262705431756,57.13513617688022,55.1444,57.1444,0.03830551363477293,0.04110560065129643,"[54.9267061281337, 54.9267061281337, 56.94777158774373]","[57.0, 57.0, 58.871692200557106]",0.11038773116387571,sRGB encode(report.backdropTone.level); source-uniform x reconstructed in float64,ORDINATE_CURVE,1.0,0.031,0.04146027692032908
0.25,1,dark-solid,rrect-ml,rest,MEASURED_PAIR,core24,14076,55.14440000000001,57.14440000000001,55.1444,57.1444,0.038400093182837276,0.04111878880253187,"[55.0, 55.0, 57.0]","[57.0, 57.0, 59.0]",0.11038773116387571,sRGB encode(report.backdropTone.level); source-uniform x reconstructed in float64,ORDINATE_CURVE,1.0,0.031,0.04146027692032908
0.25,1,dark-solid,rrect-ml,inactive,ABSENT_NATIVE_AND_CURRENT_WEB
0.25,1,dark-solid,rrect-lg,rest,MEASURED_PAIR,deep8,37440,53.99977275641026,57.13154901709402,54.1444,57.1444,0.03689469621109363,0.0411004939037739,"[53.84962606837607, 53.84962606837607, 55.929220085470085]","[57.0, 57.0, 58.822008547008544]",0.11038773116387571,sRGB encode(report.backdropTone.level); source-uniform x reconstructed in float64,ORDINATE_CURVE,1.0,0.031,0.04146027692032908
0.25,1,dark-solid,rrect-lg,rest,MEASURED_PAIR,core24,25900,54.144400000000005,57.144400000000005,54.1444,57.1444,0.037081270269120725,0.04111878880253189,"[54.0, 54.0, 56.0]","[57.0, 57.0, 59.0]",0.11038773116387571,sRGB encode(report.backdropTone.level); source-uniform x reconstructed in float64,ORDINATE_CURVE,1.0,0.031,0.04146027692032908
0.25,1,dark-solid,rrect-lg,inactive,MEASURED_PAIR,deep8,37440,48.14440000000001,33.0722,48.1444,33.072199999999995,0.02972572457927044,0.015265392062568207,"[48.0, 48.0, 50.0]","[33.0, 33.0, 34.0]",0.11036621779203415,report.state.backdropToneAbscissae[0].encodedLuminance: recorded GPU reduction/readback; silhouette-tone.ts toneReadingsFromBuffer slot i*8+4; WGSL tones.stats.x = mean.w,ORDINATE_CURVE,1.0,0.0,0.015579764882583284
0.25,1,dark-solid,rrect-lg,inactive,MEASURED_PAIR,core24,25900,48.144400000000005,33.0722,48.1444,33.072199999999995,0.029725724579270436,0.015265392062568207,"[48.0, 48.0, 50.0]","[33.0, 33.0, 34.0]",0.11036621779203415,report.state.backdropToneAbscissae[0].encodedLuminance: recorded GPU reduction/readback; silhouette-tone.ts toneReadingsFromBuffer slot i*8+4; WGSL tones.stats.x = mean.w,ORDINATE_CURVE,1.0,0.0,0.015579764882583284
0.25,1,mid-dark-solid,rrect-sm,rest,MEASURED_PAIR,deep8,768,92.49739583333333,85.99999999999999,92.0,85.99999999999999,0.10823605633713755,0.09305896284668747,"[92.49739583333333, 92.49739583333333, 92.49739583333333]","[86.0, 86.0, 86.0]",0.27058823529433373,sRGB encode(report.backdropTone.level); source-uniform x reconstructed in float64,ORDINATE_CURVE,1.0,0.036,0.0934521516444267
0.25,1,mid-dark-solid,rrect-sm,rest,MEASURED_PAIR,core24,0,,,,,,,,,0.27058823529433373,sRGB encode(report.backdropTone.level); source-uniform x reconstructed in float64,ORDINATE_CURVE,1.0,0.036,0.0934521516444267
0.25,1,mid-dark-solid,rrect-sm,inactive,MEASURED_PAIR,deep8,768,85.0,82.0,85.0,82.0,0.09084171118340768,0.08437621154414883,"[85.0, 85.0, 85.0]","[82.0, 82.0, 82.0]",0.2705838084220886,report.state.backdropToneAbscissae[0].encodedLuminance: recorded GPU reduction/readback; silhouette-tone.ts toneReadingsFromBuffer slot i*8+4; WGSL tones.stats.x = mean.w,ORDINATE_CURVE,1.0,0.0,0.08402833014003773
0.25,1,mid-dark-solid,rrect-sm,inactive,MEASURED_PAIR,core24,0,,,,,,,,,0.2705838084220886,report.state.backdropToneAbscissae[0].encodedLuminance: recorded GPU reduction/readback; silhouette-tone.ts toneReadingsFromBuffer slot i*8+4; WGSL tones.stats.x = mean.w,ORDINATE_CURVE,1.0,0.0,0.08402833014003773
0.25,1,mid-dark-solid,rrect-md,rest,MEASURED_PAIR,deep8,11392,88.78772696629214,88.99999999999999,88.99999999999999,88.99999999999999,0.09941001283246377,0.09989872824711389,"[88.78283005617978, 88.78967696629213, 88.78283005617978]","[89.0, 89.0, 89.0]",0.27058823529433373,sRGB encode(report.backdropTone.level); source-uniform x reconstructed in float64,ORDINATE_CURVE,1.0,0.031,0.10085793148239126
0.25,1,mid-dark-solid,rrect-md,rest,MEASURED_PAIR,core24,5376,88.99999999999999,88.99999999999999,88.99999999999999,88.99999999999999,0.09989872824711389,0.09989872824711389,"[89.0, 89.0, 89.0]","[89.0, 89.0, 89.0]",0.27058823529433373,sRGB encode(report.backdropTone.level); source-uniform x reconstructed in float64,ORDINATE_CURVE,1.0,0.031,0.10085793148239126
0.25,1,mid-dark-solid,rrect-md,inactive,MEASURED_PAIR,deep8,11392,82.0,82.99999999999999,82.0,82.99999999999999,0.08437621154414883,0.08650046203654972,"[82.0, 82.0, 82.0]","[83.0, 83.0, 83.0]",0.2705838978290558,report.state.backdropToneAbscissae[0].encodedLuminance: recorded GPU reduction/readback; silhouette-tone.ts toneReadingsFromBuffer slot i*8+4; WGSL tones.stats.x = mean.w,ORDINATE_CURVE,1.0,0.0,0.08686429431427845
0.25,1,mid-dark-solid,rrect-md,inactive,MEASURED_PAIR,core24,5376,82.0,82.99999999999999,82.0,82.99999999999999,0.08437621154414883,0.08650046203654974,"[82.0, 82.0, 82.0]","[83.0, 83.0, 83.0]",0.2705838978290558,report.state.backdropToneAbscissae[0].encodedLuminance: recorded GPU reduction/readback; silhouette-tone.ts toneReadingsFromBuffer slot i*8+4; WGSL tones.stats.x = mean.w,ORDINATE_CURVE,1.0,0.0,0.08686429431427845
0.25,1,mid-dark-solid,rrect-ml,rest,ABSENT_NATIVE_AND_CURRENT_WEB
0.25,1,mid-dark-solid,rrect-ml,inactive,ABSENT_NATIVE_AND_CURRENT_WEB
0.25,1,mid-dark-solid,rrect-lg,rest,MEASURED_PAIR,deep8,37440,84.92990777777779,88.99999999999999,85.0,88.99999999999999,0.09068848083127715,0.09989872824711389,"[84.92922008547009, 84.93018162393163, 84.92922008547009]","[89.0, 89.0, 89.0]",0.27058823529433373,sRGB encode(report.backdropTone.level); source-uniform x reconstructed in float64,ORDINATE_CURVE,1.0,0.031,0.10085793148239126
0.25,1,mid-dark-solid,rrect-lg,rest,MEASURED_PAIR,core24,25900,85.0,88.99999999999999,85.0,88.99999999999999,0.09084171118340771,0.0998987282471139,"[85.0, 85.0, 85.0]","[89.0, 89.0, 89.0]",0.27058823529433373,sRGB encode(report.backdropTone.level); source-uniform x reconstructed in float64,ORDINATE_CURVE,1.0,0.031,0.10085793148239126
0.25,1,mid-dark-solid,rrect-lg,inactive,MEASURED_PAIR,deep8,37440,81.0,82.99999999999999,81.0,82.99999999999999,0.0822827071298148,0.08650046203654972,"[81.0, 81.0, 81.0]","[83.0, 83.0, 83.0]",0.27058401703834534,report.state.backdropToneAbscissae[0].encodedLuminance: recorded GPU reduction/readback; silhouette-tone.ts toneReadingsFromBuffer slot i*8+4; WGSL tones.stats.x = mean.w,ORDINATE_CURVE,1.0,0.0,0.08686436129605518
0.25,1,mid-dark-solid,rrect-lg,inactive,MEASURED_PAIR,core24,25900,81.0,82.99999999999999,81.0,82.99999999999999,0.0822827071298148,0.08650046203654974,"[81.0, 81.0, 81.0]","[83.0, 83.0, 83.0]",0.27058401703834534,report.state.backdropToneAbscissae[0].encodedLuminance: recorded GPU reduction/readback; silhouette-tone.ts toneReadingsFromBuffer slot i*8+4; WGSL tones.stats.x = mean.w,ORDINATE_CURVE,1.0,0.0,0.08686436129605518
0.25,1,impulse,rrect-sm,rest,MEASURED_PAIR,deep8,768,32.840404166666666,55.453125,32.0,53.0,0.0153729093979409,0.03991223646580428,"[32.838541666666664, 32.841145833333336, 32.838541666666664]","[55.453125, 55.453125, 55.453125]",0.00375,sRGB encode(report.backdropTone.level); source-uniform x reconstructed in float64,ORDINATE_CURVE,0.9570312499999999,0.036,0.036
0.25,1,impulse,rrect-sm,rest,MEASURED_PAIR,core24,0,,,,,,,,,0.00375,sRGB encode(report.backdropTone.level); source-uniform x reconstructed in float64,ORDINATE_CURVE,0.9570312499999999,0.036,0.036
0.25,1,impulse,rrect-sm,rest,MEASURED_PAIR,deep8_far16,242,31.8099173553719,53.0,32.0,53.0,0.014302847789295308,0.03560131487502033,"[31.8099173553719, 31.8099173553719, 31.8099173553719]","[53.0, 53.0, 53.0]",0.00375,sRGB encode(report.backdropTone.level); source-uniform x reconstructed in float64,ORDINATE_CURVE,0.9570312499999999,0.036,0.036
0.25,1,impulse,rrect-sm,rest,MEASURED_PAIR,deep8_far24,2,31.0,53.0,31.0,53.0,0.013702083047289686,0.035601314875020336,"[31.0, 31.0, 31.0]","[53.0, 53.0, 53.0]",0.00375,sRGB encode(report.backdropTone.level); source-uniform x reconstructed in float64,ORDINATE_CURVE,0.9570312499999999,0.036,0.036
0.25,1,impulse,rrect-sm,rest,MEASURED_PAIR,core24_far24,0,,,,,,,,,0.00375,sRGB encode(report.backdropTone.level); source-uniform x reconstructed in float64,ORDINATE_CURVE,0.9570312499999999,0.036,0.036
0.25,1,impulse,rrect-sm,rest,MEASURED_PAIR,deep8_far32,0,,,,,,,,,0.00375,sRGB encode(report.backdropTone.level); source-uniform x reconstructed in float64,ORDINATE_CURVE,0.9570312499999999,0.036,0.036
0.25,1,impulse,rrect-sm,inactive,ABSENT_NATIVE_AND_CURRENT_WEB
0.25,1,impulse,rrect-md,rest,ABSENT_NATIVE_AND_CURRENT_WEB
0.25,1,impulse,rrect-md,inactive,ABSENT_NATIVE_AND_CURRENT_WEB
0.25,1,impulse,rrect-ml,rest,MEASURED_PAIR,deep8,22976,32.136055013927574,49.33108461002786,32.0,48.99999999999999,0.014550431906539719,0.031112595852682005,"[32.136055013927574, 32.136055013927574, 32.136055013927574]","[49.33108461002786, 49.33108461002786, 49.33108461002786]",0.00375,sRGB encode(report.backdropTone.level); source-uniform x reconstructed in float64,ORDINATE_CURVE,0.9570312499999999,0.031,0.031
0.25,1,impulse,rrect-ml,rest,MEASURED_PAIR,core24,14076,32.22208013640239,49.449417448138675,32.0,48.99999999999999,0.014617825765802285,0.03125734982544867,"[32.22208013640239, 32.22208013640239, 32.22208013640239]","[49.449417448138675, 49.449417448138675, 49.449417448138675]",0.00375,sRGB encode(report.backdropTone.level); source-uniform x reconstructed in float64,ORDINATE_CURVE,0.9570312499999999,0.031,0.031
0.25,1,impulse,rrect-ml,rest,MEASURED_PAIR,deep8_far16,18626,32.0,49.112745624396005,32.0,48.99999999999999,0.014443843596092545,0.03084677550653802,"[32.0, 32.0, 32.0]","[49.112745624396005, 49.112745624396005, 49.112745624396005]",0.00375,sRGB encode(report.backdropTone.level); source-uniform x reconstructed in float64,ORDINATE_CURVE,0.9570312499999999,0.031,0.031
0.25,1,impulse,rrect-ml,rest,MEASURED_PAIR,deep8_far24,12834,32.0,48.99999999999999,32.0,48.99999999999999,0.014443843596092548,0.030713443732993628,"[32.0, 32.0, 32.0]","[49.0, 49.0, 49.0]",0.00375,sRGB encode(report.backdropTone.level); source-uniform x reconstructed in float64,ORDINATE_CURVE,0.9570312499999999,0.031,0.031
0.25,1,impulse,rrect-ml,rest,MEASURED_PAIR,core24_far24,7490,32.0,48.99999999999999,32.0,48.99999999999999,0.014443843596092546,0.030713443732993628,"[32.0, 32.0, 32.0]","[49.0, 49.0, 49.0]",0.00375,sRGB encode(report.backdropTone.level); source-uniform x reconstructed in float64,ORDINATE_CURVE,0.9570312499999999,0.031,0.031
0.25,1,impulse,rrect-ml,rest,MEASURED_PAIR,deep8_far32,4262,32.0,48.99999999999999,32.0,48.99999999999999,0.014443843596092548,0.030713443732993624,"[32.0, 32.0, 32.0]","[49.0, 49.0, 49.0]",0.00375,sRGB encode(report.backdropTone.level); source-uniform x reconstructed in float64,ORDINATE_CURVE,0.9570312499999999,0.031,0.031
0.25,1,impulse,rrect-ml,inactive,MEASURED_PAIR,deep8,22976,20.918349582172702,23.329213091922007,21.0,23.0,0.007467211318306553,0.008763881836913442,"[20.918349582172702, 20.918349582172702, 20.918349582172702]","[23.329213091922007, 23.329213091922007, 23.329213091922007]",0.003422702429816127,report.state.backdropToneAbscissae[0].encodedLuminance: recorded GPU reduction/readback; silhouette-tone.ts toneReadingsFromBuffer slot i*8+4; WGSL tones.stats.x = mean.w,ORDINATE_CURVE,0.7981449854783975,0.0,0.0
0.25,1,impulse,rrect-ml,inactive,MEASURED_PAIR,core24,14076,21.077720943449844,23.487496447854504,21.0,23.0,0.007547741095554566,0.008859409779249186,"[21.077720943449844, 21.077720943449844, 21.077720943449844]","[23.487496447854504, 23.487496447854504, 23.487496447854504]",0.003422702429816127,report.state.backdropToneAbscissae[0].encodedLuminance: recorded GPU reduction/readback; silhouette-tone.ts toneReadingsFromBuffer slot i*8+4; WGSL tones.stats.x = mean.w,ORDINATE_CURVE,0.7981449854783975,0.0,0.0
0.25,1,impulse,rrect-ml,inactive,MEASURED_PAIR,deep8_far16,18626,20.567808439815312,23.017287662407387,21.0,23.0,0.00728178444400143,0.008577925062900043,"[20.567808439815312, 20.567808439815312, 20.567808439815312]","[23.017287662407387, 23.017287662407387, 23.017287662407387]",0.003422702429816127,report.state.backdropToneAbscissae[0].encodedLuminance: recorded GPU reduction/readback; silhouette-tone.ts toneReadingsFromBuffer slot i*8+4; WGSL tones.stats.x = mean.w,ORDINATE_CURVE,0.7981449854783975,0.0,0.0
0.25,1,impulse,rrect-ml,inactive,MEASURED_PAIR,deep8_far24,12834,20.4269128876422,22.99890914757675,19.999999999999996,23.0,0.007210412848073332,0.008567531176986432,"[20.4269128876422, 20.4269128876422, 20.4269128876422]","[22.99890914757675, 22.99890914757675, 22.99890914757675]",0.003422702429816127,report.state.backdropToneAbscissae[0].encodedLuminance: recorded GPU reduction/readback; silhouette-tone.ts toneReadingsFromBuffer slot i*8+4; WGSL tones.stats.x = mean.w,ORDINATE_CURVE,0.7981449854783975,0.0,0.0
0.25,1,impulse,rrect-ml,inactive,MEASURED_PAIR,core24_far24,7490,20.550066755674234,23.0,21.0,23.0,0.007272435827660373,0.008568125618069303,"[20.550066755674234, 20.550066755674234, 20.550066755674234]","[23.0, 23.0, 23.0]",0.003422702429816127,report.state.backdropToneAbscissae[0].encodedLuminance: recorded GPU reduction/readback; silhouette-tone.ts toneReadingsFromBuffer slot i*8+4; WGSL tones.stats.x = mean.w,ORDINATE_CURVE,0.7981449854783975,0.0,0.0
0.25,1,impulse,rrect-ml,inactive,MEASURED_PAIR,deep8_far32,4262,20.20976067573909,22.99671515720319,19.999999999999996,23.0,0.007101050248088696,0.008566335600036086,"[20.20976067573909, 20.20976067573909, 20.20976067573909]","[22.99671515720319, 22.99671515720319, 22.99671515720319]",0.003422702429816127,report.state.backdropToneAbscissae[0].encodedLuminance: recorded GPU reduction/readback; silhouette-tone.ts toneReadingsFromBuffer slot i*8+4; WGSL tones.stats.x = mean.w,ORDINATE_CURVE,0.7981449854783975,0.0,0.0
0.25,1,impulse,rrect-lg,rest,MEASURED_PAIR,deep8,37440,32.224276810897436,50.000614316239314,32.0,50.0,0.014617674647616393,0.031898530926561024,"[32.22430555555555, 32.224278846153844, 32.22417200854701]","[50.000614316239314, 50.000614316239314, 50.000614316239314]",0.00375,sRGB encode(report.backdropTone.level); source-uniform x reconstructed in float64,ORDINATE_CURVE,0.9570312499999999,0.031,0.031
0.25,1,impulse,rrect-lg,rest,MEASURED_PAIR,core24,25900,32.16458344401544,49.9819305019305,32.0,50.0,0.014570471621270335,0.03187468244690007,"[32.1645945945946, 32.1645945945946, 32.16444015444016]","[49.9819305019305, 49.9819305019305, 49.9819305019305]",0.00375,sRGB encode(report.backdropTone.level); source-uniform x reconstructed in float64,ORDINATE_CURVE,0.9570312499999999,0.031,0.031
0.25,1,impulse,rrect-lg,rest,MEASURED_PAIR,deep8_far16,27330,31.988437614343212,49.960007317965605,32.0,50.0,0.014435399523297268,0.03184873815355893,"[31.988437614343212, 31.988437614343212, 31.988437614343212]","[49.960007317965605, 49.960007317965605, 49.960007317965605]",0.00375,sRGB encode(report.backdropTone.level); source-uniform x reconstructed in float64,ORDINATE_CURVE,0.9570312499999999,0.031,0.031
0.25,1,impulse,rrect-lg,rest,MEASURED_PAIR,deep8_far24,17288,31.98530772790375,49.94591624248034,32.0,50.0,0.01443294544827927,0.03183207419790067,"[31.98530772790375, 31.98530772790375, 31.98530772790375]","[49.94591624248034, 49.94591624248034, 49.94591624248034]",0.00375,sRGB encode(report.backdropTone.level); source-uniform x reconstructed in float64,ORDINATE_CURVE,0.9570312499999999,0.031,0.031
0.25,1,impulse,rrect-lg,rest,MEASURED_PAIR,core24_far24,14480,32.0,49.966436464088396,32.0,50.0,0.014443843596092548,0.031856341193229165,"[32.0, 32.0, 32.0]","[49.966436464088396, 49.966436464088396, 49.966436464088396]",0.00375,sRGB encode(report.backdropTone.level); source-uniform x reconstructed in float64,ORDINATE_CURVE,0.9570312499999999,0.031,0.031
0.25,1,impulse,rrect-lg,rest,MEASURED_PAIR,deep8_far32,4608,32.0,49.89453125,32.0,50.0,0.014443843596092545,0.03177130685355652,"[32.0, 32.0, 32.0]","[49.89453125, 49.89453125, 49.89453125]",0.00375,sRGB encode(report.backdropTone.level); source-uniform x reconstructed in float64,ORDINATE_CURVE,0.9570312499999999,0.031,0.031
0.25,1,impulse,rrect-lg,inactive,MEASURED_PAIR,deep8,37440,21.28344185363248,1.185042735042735,21.0,1.0,0.007658263912122537,0.00036641193595881547,"[21.283547008547007, 21.283413461538462, 21.283413461538462]","[1.185042735042735, 1.185042735042735, 1.185042735042735]",0.005477449856698513,report.state.backdropToneAbscissae[0].encodedLuminance: recorded GPU reduction/readback; silhouette-tone.ts toneReadingsFromBuffer slot i*8+4; WGSL tones.stats.x = mean.w,ORDINATE_CURVE,1.0,0.0,0.00021460428420770955
0.25,1,impulse,rrect-lg,inactive,MEASURED_PAIR,core24,25900,20.951969111969113,0.8117374517374517,21.0,0.0,0.007482358832684461,0.00024639856260556494,"[20.951969111969113, 20.951969111969113, 20.951969111969113]","[0.8117374517374517, 0.8117374517374517, 0.8117374517374517]",0.005477449856698513,report.state.backdropToneAbscissae[0].encodedLuminance: recorded GPU reduction/readback; silhouette-tone.ts toneReadingsFromBuffer slot i*8+4; WGSL tones.stats.x = mean.w,ORDINATE_CURVE,1.0,0.0,0.00021460428420770955
0.25,1,impulse,rrect-lg,inactive,MEASURED_PAIR,deep8_far16,27330,20.740651298938896,0.38390047566776436,21.0,0.0,0.007369220242637929,0.00011652415336240041,"[20.740651298938896, 20.740651298938896, 20.740651298938896]","[0.38390047566776436, 0.38390047566776436, 0.38390047566776436]",0.005477449856698513,report.state.backdropToneAbscissae[0].encodedLuminance: recorded GPU reduction/readback; silhouette-tone.ts toneReadingsFromBuffer slot i*8+4; WGSL tones.stats.x = mean.w,ORDINATE_CURVE,1.0,0.0,0.00021460428420770955
0.25,1,impulse,rrect-lg,inactive,MEASURED_PAIR,deep8_far24,17288,20.528285515964832,0.07612216566404442,21.0,0.0,0.007261466319292796,2.3105131325212298e-05,"[20.528285515964832, 20.528285515964832, 20.528285515964832]","[0.07612216566404442, 0.07612216566404442, 0.07612216566404442]",0.005477449856698513,report.state.backdropToneAbscissae[0].encodedLuminance: recorded GPU reduction/readback; silhouette-tone.ts toneReadingsFromBuffer slot i*8+4; WGSL tones.stats.x = mean.w,ORDINATE_CURVE,1.0,0.0,0.00021460428420770955
0.25,1,impulse,rrect-lg,inactive,MEASURED_PAIR,core24_far24,14480,20.436809392265193,0.07803867403314917,19.999999999999996,0.0,0.007215396944099088,2.368684332943276e-05,"[20.436809392265193, 20.436809392265193, 20.436809392265193]","[0.07803867403314917, 0.07803867403314917, 0.07803867403314917]",0.005477449856698513,report.state.backdropToneAbscissae[0].encodedLuminance: recorded GPU reduction/readback; silhouette-tone.ts toneReadingsFromBuffer slot i*8+4; WGSL tones.stats.x = mean.w,ORDINATE_CURVE,1.0,0.0,0.00021460428420770955
0.25,1,impulse,rrect-lg,inactive,MEASURED_PAIR,deep8_far32,4608,20.02777777777778,0.0,19.999999999999996,0.0,0.007009399683264296,0.0,"[20.02777777777778, 20.02777777777778, 20.02777777777778]","[0.0, 0.0, 0.0]",0.005477449856698513,report.state.backdropToneAbscissae[0].encodedLuminance: recorded GPU reduction/readback; silhouette-tone.ts toneReadingsFromBuffer slot i*8+4; WGSL tones.stats.x = mean.w,ORDINATE_CURVE,1.0,0.0,0.00021460428420770955
0.25,2,dark-solid,rrect-sm,rest,MEASURED_PAIR,deep8,3072,58.26206510416667,58.07219999999999,58.2166,58.072199999999995,0.042689318554431456,0.042414195886340704,"[57.96875, 58.120442708333336, 60.528645833333336]","[58.0, 58.0, 59.0]",0.11038773116388675,sRGB encode(report.backdropTone.level); source-uniform x reconstructed in float64,ORDINATE_CURVE,1.0,0.036,0.042039110528262494
0.25,2,dark-solid,rrect-sm,rest,MEASURED_PAIR,core24,0,,,,,,,,,0.11038773116388675,sRGB encode(report.backdropTone.level); source-uniform x reconstructed in float64,ORDINATE_CURVE,1.0,0.036,0.042039110528262494
0.25,2,dark-solid,rrect-sm,inactive,MEASURED_PAIR,deep8,3072,48.21659999999999,37.0722,48.2166,37.0722,0.029812995137816895,0.018563910696201443,"[48.0, 48.0, 51.0]","[37.0, 37.0, 38.0]",0.1103663295507431,report.state.backdropToneAbscissae[0].encodedLuminance: recorded GPU reduction/readback; silhouette-tone.ts toneReadingsFromBuffer slot i*8+4; WGSL tones.stats.x = mean.w,ORDINATE_CURVE,1.0,0.0,0.01879474539468822
0.25,2,dark-solid,rrect-sm,inactive,MEASURED_PAIR,core24,0,,,,,,,,,0.1103663295507431,report.state.backdropToneAbscissae[0].encodedLuminance: recorded GPU reduction/readback; silhouette-tone.ts toneReadingsFromBuffer slot i*8+4; WGSL tones.stats.x = mean.w,ORDINATE_CURVE,1.0,0.0,0.01879474539468822
0.25,2,dark-solid,rrect-md,rest,MEASURED_PAIR,deep8,45580,56.91121349714788,57.13779143483985,57.1444,57.1444,0.04079911400856122,0.04110938072601157,"[56.75756910925845, 56.75756910925845, 58.885607722685386]","[57.0, 57.0, 58.90846862659061]",0.11038773116388675,sRGB encode(report.backdropTone.level); source-uniform x reconstructed in float64,ORDINATE_CURVE,1.0,0.031,0.04146027692033081
0.25,2,dark-solid,rrect-md,rest,MEASURED_PAIR,core24,21504,57.144400000000005,57.144400000000005,57.1444,57.1444,0.04111878880253187,0.04111878880253187,"[57.0, 57.0, 59.0]","[57.0, 57.0, 59.0]",0.11038773116388675,sRGB encode(report.backdropTone.level); source-uniform x reconstructed in float64,ORDINATE_CURVE,1.0,0.031,0.04146027692033081
0.25,2,dark-solid,rrect-md,inactive,MEASURED_PAIR,deep8,45580,48.144400000000005,33.0722,48.1444,33.072199999999995,0.029725724579270432,0.015265392062568205,"[48.0, 48.0, 50.0]","[33.0, 33.0, 34.0]",0.11036638170480728,report.state.backdropToneAbscissae[0].encodedLuminance: recorded GPU reduction/readback; silhouette-tone.ts toneReadingsFromBuffer slot i*8+4; WGSL tones.stats.x = mean.w,ORDINATE_CURVE,1.0,0.0,0.01557980070990787
0.25,2,dark-solid,rrect-md,inactive,MEASURED_PAIR,core24,21504,48.144400000000005,33.0722,48.1444,33.072199999999995,0.029725724579270436,0.015265392062568207,"[48.0, 48.0, 50.0]","[33.0, 33.0, 34.0]",0.11036638170480728,report.state.backdropToneAbscissae[0].encodedLuminance: recorded GPU reduction/readback; silhouette-tone.ts toneReadingsFromBuffer slot i*8+4; WGSL tones.stats.x = mean.w,ORDINATE_CURVE,1.0,0.0,0.01557980070990787
0.25,2,dark-solid,rrect-ml,rest,MEASURED_PAIR,deep8,91956,55.0724034190265,57.13511314976729,55.1444,57.1444,0.03830523267089221,0.04110556786946932,"[54.92620383661751, 54.92620383661751, 56.951128800730785]","[57.0, 57.0, 58.871373265474794]",0.11038773116388675,sRGB encode(report.backdropTone.level); source-uniform x reconstructed in float64,ORDINATE_CURVE,1.0,0.031,0.04146027692033081
0.25,2,dark-solid,rrect-ml,rest,MEASURED_PAIR,core24,56288,55.14440000000001,57.14440000000001,55.1444,57.1444,0.03840009318283728,0.04111878880253187,"[55.0, 55.0, 57.0]","[57.0, 57.0, 59.0]",0.11038773116388675,sRGB encode(report.backdropTone.level); source-uniform x reconstructed in float64,ORDINATE_CURVE,1.0,0.031,0.04146027692033081
0.25,2,dark-solid,rrect-ml,inactive,ABSENT_NATIVE_AND_CURRENT_WEB
0.25,2,dark-solid,rrect-lg,rest,MEASURED_PAIR,deep8,149740,53.9997426873247,57.1315376572726,54.1444,57.1444,0.03689465619787303,0.04110047773172043,"[53.84961934018966, 53.84961934018966, 55.928890076131964]","[57.0, 57.0, 58.821851208761856]",0.11038773116388675,sRGB encode(report.backdropTone.level); source-uniform x reconstructed in float64,ORDINATE_CURVE,1.0,0.031,0.04146027692033081
0.25,2,dark-solid,rrect-lg,rest,MEASURED_PAIR,core24,103600,54.1444,57.1444,54.1444,57.1444,0.037081270269120725,0.041118788802531885,"[54.0, 54.0, 56.0]","[57.0, 57.0, 59.0]",0.11038773116388675,sRGB encode(report.backdropTone.level); source-uniform x reconstructed in float64,ORDINATE_CURVE,1.0,0.031,0.04146027692033081
0.25,2,dark-solid,rrect-lg,inactive,MEASURED_PAIR,deep8,149740,48.144400000000005,33.0722,48.1444,33.072199999999995,0.029725724579270436,0.015265392062568207,"[48.0, 48.0, 50.0]","[33.0, 33.0, 34.0]",0.11036666482686996,report.state.backdropToneAbscissae[0].encodedLuminance: recorded GPU reduction/readback; silhouette-tone.ts toneReadingsFromBuffer slot i*8+4; WGSL tones.stats.x = mean.w,ORDINATE_CURVE,1.0,0.0,0.01557986259373374
0.25,2,dark-solid,rrect-lg,inactive,MEASURED_PAIR,core24,103600,48.1444,33.0722,48.1444,33.072199999999995,0.029725724579270432,0.01526539206256821,"[48.0, 48.0, 50.0]","[33.0, 33.0, 34.0]",0.11036666482686996,report.state.backdropToneAbscissae[0].encodedLuminance: recorded GPU reduction/readback; silhouette-tone.ts toneReadingsFromBuffer slot i*8+4; WGSL tones.stats.x = mean.w,ORDINATE_CURVE,1.0,0.0,0.01557986259373374
0.25,2,mid-dark-solid,rrect-sm,rest,MEASURED_PAIR,deep8,3072,92.49609375,85.99999999999999,92.0,85.99999999999999,0.10823288106656459,0.09305896284668747,"[92.49609375, 92.49609375, 92.49609375]","[86.0, 86.0, 86.0]",0.2705882352944469,sRGB encode(report.backdropTone.level); source-uniform x reconstructed in float64,ORDINATE_CURVE,1.0,0.036,0.09345215164448151
0.25,2,mid-dark-solid,rrect-sm,rest,MEASURED_PAIR,core24,0,,,,,,,,,0.2705882352944469,sRGB encode(report.backdropTone.level); source-uniform x reconstructed in float64,ORDINATE_CURVE,1.0,0.036,0.09345215164448151
0.25,2,mid-dark-solid,rrect-sm,inactive,MEASURED_PAIR,deep8,3072,85.0,82.0,85.0,82.0,0.09084171118340768,0.08437621154414883,"[85.0, 85.0, 85.0]","[82.0, 82.0, 82.0]",0.27058374881744385,report.state.backdropToneAbscissae[0].encodedLuminance: recorded GPU reduction/readback; silhouette-tone.ts toneReadingsFromBuffer slot i*8+4; WGSL tones.stats.x = mean.w,ORDINATE_CURVE,1.0,0.0,0.08402829938849585
0.25,2,mid-dark-solid,rrect-sm,inactive,MEASURED_PAIR,core24,0,,,,,,,,,0.27058374881744385,report.state.backdropToneAbscissae[0].encodedLuminance: recorded GPU reduction/readback; silhouette-tone.ts toneReadingsFromBuffer slot i*8+4; WGSL tones.stats.x = mean.w,ORDINATE_CURVE,1.0,0.0,0.08402829938849585
0.25,2,mid-dark-solid,rrect-md,rest,MEASURED_PAIR,deep8,45580,88.78805370776657,88.99999999999999,88.99999999999999,88.99999999999999,0.09941066513249601,0.09989872824711389,"[88.77722685388328, 88.79236507240017, 88.77722685388328]","[89.0, 89.0, 89.0]",0.2705882352944469,sRGB encode(report.backdropTone.level); source-uniform x reconstructed in float64,ORDINATE_CURVE,1.0,0.031,0.10085793148244653
0.25,2,mid-dark-solid,rrect-md,rest,MEASURED_PAIR,core24,21504,88.99999999999999,88.99999999999999,88.99999999999999,88.99999999999999,0.09989872824711389,0.09989872824711389,"[89.0, 89.0, 89.0]","[89.0, 89.0, 89.0]",0.2705882352944469,sRGB encode(report.backdropTone.level); source-uniform x reconstructed in float64,ORDINATE_CURVE,1.0,0.031,0.10085793148244653
0.25,2,mid-dark-solid,rrect-md,inactive,MEASURED_PAIR,deep8,45580,82.0,82.99999999999999,82.0,82.99999999999999,0.08437621154414883,0.08650046203654974,"[82.0, 82.0, 82.0]","[83.0, 83.0, 83.0]",0.2705840468406677,report.state.backdropToneAbscissae[0].encodedLuminance: recorded GPU reduction/readback; silhouette-tone.ts toneReadingsFromBuffer slot i*8+4; WGSL tones.stats.x = mean.w,ORDINATE_CURVE,1.0,0.0,0.08686437804149959
0.25,2,mid-dark-solid,rrect-md,inactive,MEASURED_PAIR,core24,21504,82.0,82.99999999999999,82.0,82.99999999999999,0.08437621154414883,0.08650046203654974,"[82.0, 82.0, 82.0]","[83.0, 83.0, 83.0]",0.2705840468406677,report.state.backdropToneAbscissae[0].encodedLuminance: recorded GPU reduction/readback; silhouette-tone.ts toneReadingsFromBuffer slot i*8+4; WGSL tones.stats.x = mean.w,ORDINATE_CURVE,1.0,0.0,0.08686437804149959
0.25,2,mid-dark-solid,rrect-ml,rest,ABSENT_NATIVE_AND_CURRENT_WEB
0.25,2,mid-dark-solid,rrect-ml,inactive,ABSENT_NATIVE_AND_CURRENT_WEB
0.25,2,mid-dark-solid,rrect-lg,rest,MEASURED_PAIR,deep8,149740,84.92985488446641,88.99999999999999,85.0,88.99999999999999,0.09068836519989223,0.09989872824711388,"[84.92889007613196, 84.93023908107386, 84.92889007613196]","[89.0, 89.0, 89.0]",0.2705882352944469,sRGB encode(report.backdropTone.level); source-uniform x reconstructed in float64,ORDINATE_CURVE,1.0,0.031,0.10085793148244653
0.25,2,mid-dark-solid,rrect-lg,rest,MEASURED_PAIR,core24,103600,85.0,88.99999999999999,85.0,88.99999999999999,0.09084171118340771,0.0998987282471139,"[85.0, 85.0, 85.0]","[89.0, 89.0, 89.0]",0.2705882352944469,sRGB encode(report.backdropTone.level); source-uniform x reconstructed in float64,ORDINATE_CURVE,1.0,0.031,0.10085793148244653
0.25,2,mid-dark-solid,rrect-lg,inactive,MEASURED_PAIR,deep8,149740,81.0,82.99999999999999,81.0,82.99999999999999,0.0822827071298148,0.08650046203654972,"[81.0, 81.0, 81.0]","[83.0, 83.0, 83.0]",0.2705841064453125,report.state.backdropToneAbscissae[0].encodedLuminance: recorded GPU reduction/readback; silhouette-tone.ts toneReadingsFromBuffer slot i*8+4; WGSL tones.stats.x = mean.w,ORDINATE_CURVE,1.0,0.0,0.08686441153238861
0.25,2,mid-dark-solid,rrect-lg,inactive,MEASURED_PAIR,core24,103600,81.0,82.99999999999999,81.0,82.99999999999999,0.0822827071298148,0.08650046203654974,"[81.0, 81.0, 81.0]","[83.0, 83.0, 83.0]",0.2705841064453125,report.state.backdropToneAbscissae[0].encodedLuminance: recorded GPU reduction/readback; silhouette-tone.ts toneReadingsFromBuffer slot i*8+4; WGSL tones.stats.x = mean.w,ORDINATE_CURVE,1.0,0.0,0.08686441153238861
0.25,2,impulse,rrect-sm,rest,MEASURED_PAIR,deep8,3072,32.79389830729166,56.081380208333336,32.0,53.0,0.015382068607100091,0.04065512397465362,"[32.7939453125, 32.7939453125, 32.793294270833336]","[56.081380208333336, 56.081380208333336, 56.081380208333336]",0.0037310431985294137,sRGB encode(report.backdropTone.level); source-uniform x reconstructed in float64,ORDINATE_CURVE,0.9506106124169117,0.036,0.036
0.25,2,impulse,rrect-sm,rest,MEASURED_PAIR,core24,0,,,,,,,,,0.0037310431985294137,sRGB encode(report.backdropTone.level); source-uniform x reconstructed in float64,ORDINATE_CURVE,0.9506106124169117,0.036,0.036
0.25,2,impulse,rrect-sm,rest,MEASURED_PAIR,deep8_far16,912,31.82127192982456,53.0,32.0,53.0,0.014311270164672738,0.03560131487502033,"[31.82127192982456, 31.82127192982456, 31.82127192982456]","[53.0, 53.0, 53.0]",0.0037310431985294137,sRGB encode(report.backdropTone.level); source-uniform x reconstructed in float64,ORDINATE_CURVE,0.9506106124169117,0.036,0.036
0.25,2,impulse,rrect-sm,rest,MEASURED_PAIR,deep8_far24,2,31.0,53.0,31.0,53.0,0.013702083047289686,0.035601314875020336,"[31.0, 31.0, 31.0]","[53.0, 53.0, 53.0]",0.0037310431985294137,sRGB encode(report.backdropTone.level); source-uniform x reconstructed in float64,ORDINATE_CURVE,0.9506106124169117,0.036,0.036
0.25,2,impulse,rrect-sm,rest,MEASURED_PAIR,core24_far24,0,,,,,,,,,0.0037310431985294137,sRGB encode(report.backdropTone.level); source-uniform x reconstructed in float64,ORDINATE_CURVE,0.9506106124169117,0.036,0.036
0.25,2,impulse,rrect-sm,rest,MEASURED_PAIR,deep8_far32,0,,,,,,,,,0.0037310431985294137,sRGB encode(report.backdropTone.level); source-uniform x reconstructed in float64,ORDINATE_CURVE,0.9506106124169117,0.036,0.036
0.25,2,impulse,rrect-sm,inactive,ABSENT_NATIVE_AND_CURRENT_WEB
0.25,2,impulse,rrect-md,rest,ABSENT_NATIVE_AND_CURRENT_WEB
0.25,2,impulse,rrect-md,inactive,ABSENT_NATIVE_AND_CURRENT_WEB
0.25,2,impulse,rrect-ml,rest,MEASURED_PAIR,deep8,91956,32.12995985906303,49.36692548610205,32.0,48.99999999999999,0.014545391701305697,0.03116165081359595,"[32.129812084040196, 32.13001870459785, 32.129812084040196]","[49.36692548610205, 49.36692548610205, 49.36692548610205]",0.0037310431985294137,sRGB encode(report.backdropTone.level); source-uniform x reconstructed in float64,ORDINATE_CURVE,0.9506106124169117,0.031,0.031
0.25,2,impulse,rrect-ml,rest,MEASURED_PAIR,core24,56288,32.21234701534963,49.54810972143263,32.0,48.99999999999999,0.014609766014442431,0.03138496927485966,"[32.2121055997726, 32.21244314951677, 32.2121055997726]","[49.54810972143263, 49.54810972143263, 49.54810972143263]",0.0037310431985294137,sRGB encode(report.backdropTone.level); source-uniform x reconstructed in float64,ORDINATE_CURVE,0.9506106124169117,0.031,0.031
0.25,2,impulse,rrect-ml,rest,MEASURED_PAIR,deep8_far16,73620,31.999972833469165,49.000162999185,32.0,48.99999999999999,0.014443823445031725,0.030713636494092252,"[31.999972833469165, 31.999972833469165, 31.999972833469165]","[49.000162999185, 49.000162999185, 49.000162999185]",0.0037310431985294137,sRGB encode(report.backdropTone.level); source-uniform x reconstructed in float64,ORDINATE_CURVE,0.9506106124169117,0.031,0.031
0.25,2,impulse,rrect-ml,rest,MEASURED_PAIR,deep8_far24,49888,31.999959910198847,48.99999999999999,32.0,48.99999999999999,0.014443813859059643,0.03071344373299363,"[31.999959910198847, 31.999959910198847, 31.999959910198847]","[49.0, 49.0, 49.0]",0.0037310431985294137,sRGB encode(report.backdropTone.level); source-uniform x reconstructed in float64,ORDINATE_CURVE,0.9506106124169117,0.031,0.031
0.25,2,impulse,rrect-ml,rest,MEASURED_PAIR,core24_far24,29038,32.0,48.99999999999999,32.0,48.99999999999999,0.014443843596092548,0.030713443732993628,"[32.0, 32.0, 32.0]","[49.0, 49.0, 49.0]",0.0037310431985294137,sRGB encode(report.backdropTone.level); source-uniform x reconstructed in float64,ORDINATE_CURVE,0.9506106124169117,0.031,0.031
0.25,2,impulse,rrect-ml,rest,MEASURED_PAIR,deep8_far32,16106,32.0,48.99999999999999,32.0,48.99999999999999,0.014443843596092545,0.030713443732993624,"[32.0, 32.0, 32.0]","[49.0, 49.0, 49.0]",0.0037310431985294137,sRGB encode(report.backdropTone.level); source-uniform x reconstructed in float64,ORDINATE_CURVE,0.9506106124169117,0.031,0.031
0.25,2,impulse,rrect-ml,inactive,MEASURED_PAIR,deep8,91956,20.826286484840576,22.693897081212754,21.0,22.0,0.0074184396559717,0.008434261037977977,"[20.826286484840576, 20.826286484840576, 20.826286484840576]","[22.693897081212754, 22.693897081212754, 22.693897081212754]",0.003422454232349992,report.state.backdropToneAbscissae[0].encodedLuminance: recorded GPU reduction/readback; silhouette-tone.ts toneReadingsFromBuffer slot i*8+4; WGSL tones.stats.x = mean.w,ORDINATE_CURVE,0.7979920783011974,0.0,0.0
0.25,2,impulse,rrect-ml,inactive,MEASURED_PAIR,core24,56288,21.016220153496306,22.974914724275155,21.0,22.0,0.0075162652400122525,0.008607633875075536,"[21.016220153496306, 21.016220153496306, 21.016220153496306]","[22.974914724275155, 22.974914724275155, 22.974914724275155]",0.003422454232349992,report.state.backdropToneAbscissae[0].encodedLuminance: recorded GPU reduction/readback; silhouette-tone.ts toneReadingsFromBuffer slot i*8+4; WGSL tones.stats.x = mean.w,ORDINATE_CURVE,0.7979920783011974,0.0,0.0
0.25,2,impulse,rrect-ml,inactive,MEASURED_PAIR,deep8_far16,73620,20.535601738657974,22.116951915240424,21.0,22.0,0.00726518105963294,0.00808692390045443,"[20.535601738657974, 20.535601738657974, 20.535601738657974]","[22.116951915240424, 22.116951915240424, 22.116951915240424]",0.003422454232349992,report.state.backdropToneAbscissae[0].encodedLuminance: recorded GPU reduction/readback; silhouette-tone.ts toneReadingsFromBuffer slot i*8+4; WGSL tones.stats.x = mean.w,ORDINATE_CURVE,0.7979920783011974,0.0,0.0
0.25,2,impulse,rrect-ml,inactive,MEASURED_PAIR,deep8_far24,49888,20.402882456703015,22.0,19.999999999999996,22.0,0.007198310597844201,0.008023192985384994,"[20.402882456703015, 20.402882456703015, 20.402882456703015]","[22.0, 22.0, 22.0]",0.003422454232349992,report.state.backdropToneAbscissae[0].encodedLuminance: recorded GPU reduction/readback; silhouette-tone.ts toneReadingsFromBuffer slot i*8+4; WGSL tones.stats.x = mean.w,ORDINATE_CURVE,0.7979920783011974,0.0,0.0
0.25,2,impulse,rrect-ml,inactive,MEASURED_PAIR,core24_far24,29038,20.526861354087746,22.0,21.0,22.0,0.007260749080245072,0.008023192985384994,"[20.526861354087746, 20.526861354087746, 20.526861354087746]","[22.0, 22.0, 22.0]",0.003422454232349992,report.state.backdropToneAbscissae[0].encodedLuminance: recorded GPU reduction/readback; silhouette-tone.ts toneReadingsFromBuffer slot i*8+4; WGSL tones.stats.x = mean.w,ORDINATE_CURVE,0.7979920783011974,0.0,0.0
0.25,2,impulse,rrect-ml,inactive,MEASURED_PAIR,deep8_far32,16106,20.1891841549733,22.0,19.999999999999996,22.0,0.007090687462511415,0.008023192985384994,"[20.1891841549733, 20.1891841549733, 20.1891841549733]","[22.0, 22.0, 22.0]",0.003422454232349992,report.state.backdropToneAbscissae[0].encodedLuminance: recorded GPU reduction/readback; silhouette-tone.ts toneReadingsFromBuffer slot i*8+4; WGSL tones.stats.x = mean.w,ORDINATE_CURVE,0.7979920783011974,0.0,0.0
0.25,2,impulse,rrect-lg,rest,MEASURED_PAIR,deep8,149740,32.2132839000935,50.142386803793244,32.0,50.0,0.014608884103186011,0.03207123455062307,"[32.21331641511954, 32.21327634566582, 32.213262989181246]","[50.142386803793244, 50.142386803793244, 50.142386803793244]",0.0037310431985294137,sRGB encode(report.backdropTone.level); source-uniform x reconstructed in float64,ORDINATE_CURVE,0.9506106124169117,0.031,0.031
0.25,2,impulse,rrect-lg,rest,MEASURED_PAIR,core24,103600,32.15814383011583,50.08247104247104,32.0,50.0,0.014565422438056839,0.03199624878226628,"[32.15820463320463, 32.15812741312741, 32.15812741312741]","[50.08247104247104, 50.08247104247104, 50.08247104247104]",0.0037310431985294137,sRGB encode(report.backdropTone.level); source-uniform x reconstructed in float64,ORDINATE_CURVE,0.9506106124169117,0.031,0.031
0.25,2,impulse,rrect-lg,rest,MEASURED_PAIR,deep8_far16,107552,31.986257810175545,49.98385897054448,32.0,50.0,0.014433719198953924,0.03187694486364052,"[31.986257810175545, 31.986257810175545, 31.986257810175545]","[49.98385897054448, 49.98385897054448, 49.98385897054448]",0.0037310431985294137,sRGB encode(report.backdropTone.level); source-uniform x reconstructed in float64,ORDINATE_CURVE,0.9506106124169117,0.031,0.031
0.25,2,impulse,rrect-lg,rest,MEASURED_PAIR,deep8_far24,66712,31.984590478474637,49.982911620098335,32.0,50.0,0.014432413420949104,0.031875824537101645,"[31.984590478474637, 31.984590478474637, 31.984590478474637]","[49.982911620098335, 49.982911620098335, 49.982911620098335]",0.0037310431985294137,sRGB encode(report.backdropTone.level); source-uniform x reconstructed in float64,ORDINATE_CURVE,0.9506106124169117,0.031,0.031
0.25,2,impulse,rrect-lg,rest,MEASURED_PAIR,core24_far24,56176,32.0,50.0,32.0,50.0,0.014443843596092545,0.03189603307301153,"[32.0, 32.0, 32.0]","[50.0, 50.0, 50.0]",0.0037310431985294137,sRGB encode(report.backdropTone.level); source-uniform x reconstructed in float64,ORDINATE_CURVE,0.9506106124169117,0.031,0.031
0.25,2,impulse,rrect-lg,rest,MEASURED_PAIR,deep8_far32,17312,32.0,50.0,32.0,50.0,0.014443843596092546,0.03189603307301154,"[32.0, 32.0, 32.0]","[50.0, 50.0, 50.0]",0.0037310431985294137,sRGB encode(report.backdropTone.level); source-uniform x reconstructed in float64,ORDINATE_CURVE,0.9506106124169117,0.031,0.031
0.25,2,impulse,rrect-lg,inactive,MEASURED_PAIR,deep8,149740,21.230582353412583,1.3240016027781487,21.0,0.0,0.0076304025783653796,0.000408613640282138,"[21.230666488580205, 21.23055963670362, 21.23055963670362]","[1.3240016027781487, 1.3240016027781487, 1.3240016027781487]",0.00547818886116147,report.state.backdropToneAbscissae[0].encodedLuminance: recorded GPU reduction/readback; silhouette-tone.ts toneReadingsFromBuffer slot i*8+4; WGSL tones.stats.x = mean.w,ORDINATE_CURVE,1.0,0.0,0.0002147109175420121
0.25,2,impulse,rrect-lg,inactive,MEASURED_PAIR,core24,103600,20.904787644787646,0.7463899613899614,21.0,0.0,0.0074575829755501545,0.0002292597048990055,"[20.904787644787646, 20.904787644787646, 20.904787644787646]","[0.7463899613899614, 0.7463899613899614, 0.7463899613899614]",0.00547818886116147,report.state.backdropToneAbscissae[0].encodedLuminance: recorded GPU reduction/readback; silhouette-tone.ts toneReadingsFromBuffer slot i*8+4; WGSL tones.stats.x = mean.w,ORDINATE_CURVE,1.0,0.0,0.0002147109175420121
0.25,2,impulse,rrect-lg,inactive,MEASURED_PAIR,deep8_far16,107552,20.69659327581077,0.017619384111871465,21.0,0.0,0.007346447490215104,5.34795851146466e-06,"[20.69659327581077, 20.69659327581077, 20.69659327581077]","[0.017619384111871465, 0.017619384111871465, 0.017619384111871465]",0.00547818886116147,report.state.backdropToneAbscissae[0].encodedLuminance: recorded GPU reduction/readback; silhouette-tone.ts toneReadingsFromBuffer slot i*8+4; WGSL tones.stats.x = mean.w,ORDINATE_CURVE,1.0,0.0,0.0002147109175420121
0.25,2,impulse,rrect-lg,inactive,MEASURED_PAIR,deep8_far24,66712,20.494573689890874,0.0,19.999999999999996,0.0,0.007244488306877604,0.0,"[20.494573689890874, 20.494573689890874, 20.494573689890874]","[0.0, 0.0, 0.0]",0.00547818886116147,report.state.backdropToneAbscissae[0].encodedLuminance: recorded GPU reduction/readback; silhouette-tone.ts toneReadingsFromBuffer slot i*8+4; WGSL tones.stats.x = mean.w,ORDINATE_CURVE,1.0,0.0,0.0002147109175420121
0.25,2,impulse,rrect-lg,inactive,MEASURED_PAIR,core24_far24,56176,20.399779265166618,0.0,19.999999999999996,0.0,0.00719674776276324,0.0,"[20.399779265166618, 20.399779265166618, 20.399779265166618]","[0.0, 0.0, 0.0]",0.00547818886116147,report.state.backdropToneAbscissae[0].encodedLuminance: recorded GPU reduction/readback; silhouette-tone.ts toneReadingsFromBuffer slot i*8+4; WGSL tones.stats.x = mean.w,ORDINATE_CURVE,1.0,0.0,0.0002147109175420121
0.25,2,impulse,rrect-lg,inactive,MEASURED_PAIR,deep8_far32,17312,20.014787430683917,0.0,19.999999999999996,0.0,0.007002857460551312,0.0,"[20.014787430683917, 20.014787430683917, 20.014787430683917]","[0.0, 0.0, 0.0]",0.00547818886116147,report.state.backdropToneAbscissae[0].encodedLuminance: recorded GPU reduction/readback; silhouette-tone.ts toneReadingsFromBuffer slot i*8+4; WGSL tones.stats.x = mean.w,ORDINATE_CURVE,1.0,0.0,0.0002147109175420121
0.5,1,dark-solid,rrect-sm,rest,NATIVE_ONLY_NO_CURRENT_WEB_ROW,deep8,768,58.28001874999999,,58.180499999999995,,0.042714763402026866,,"[57.96875, 58.1484375, 60.5]",,,,,,,
0.5,1,dark-solid,rrect-sm,rest,NATIVE_ONLY_NO_CURRENT_WEB_ROW,core24,0,,,,,,,,,,,,,,
0.5,1,dark-solid,rrect-sm,inactive,NATIVE_ONLY_NO_CURRENT_WEB_ROW,deep8,768,48.21659999999999,,48.2166,,0.029812995137816895,,"[48.0, 48.0, 51.0]",,,,,,,
0.5,1,dark-solid,rrect-sm,inactive,NATIVE_ONLY_NO_CURRENT_WEB_ROW,core24,0,,,,,,,,,,,,,,
0.5,1,dark-solid,rrect-md,rest,MEASURED_PAIR,deep8,11392,56.84482208567416,52.13649044943821,57.1444,52.1444,0.04070878262697957,0.03451370250298077,"[56.68697331460674, 56.68697331460674, 58.87324438202247]","[52.0, 52.0, 53.890449438202246]",0.11038773116387571,sRGB encode(report.backdropTone.level); source-uniform x reconstructed in float64,ORDINATE_CURVE,1.0,0.031,0.03502693716596381
0.5,1,dark-solid,rrect-md,rest,MEASURED_PAIR,core24,5376,57.144400000000005,52.144400000000005,57.1444,52.1444,0.04111878880253187,0.03452389107605474,"[57.0, 57.0, 59.0]","[52.0, 52.0, 54.0]",0.11038773116387571,sRGB encode(report.backdropTone.level); source-uniform x reconstructed in float64,ORDINATE_CURVE,1.0,0.031,0.03502693716596381
0.5,1,dark-solid,rrect-md,inactive,MEASURED_PAIR,deep8,11392,48.14440000000001,33.0722,48.1444,33.072199999999995,0.029725724579270432,0.015265392062568208,"[48.0, 48.0, 50.0]","[33.0, 33.0, 34.0]",0.1103663295507431,report.state.backdropToneAbscissae[0].encodedLuminance: recorded GPU reduction/readback; silhouette-tone.ts toneReadingsFromBuffer slot i*8+4; WGSL tones.stats.x = mean.w,ORDINATE_CURVE,1.0,0.0,0.015579365014930204
0.5,1,dark-solid,rrect-md,inactive,MEASURED_PAIR,core24,5376,48.144400000000005,33.0722,48.1444,33.072199999999995,0.029725724579270436,0.015265392062568207,"[48.0, 48.0, 50.0]","[33.0, 33.0, 34.0]",0.1103663295507431,report.state.backdropToneAbscissae[0].encodedLuminance: recorded GPU reduction/readback; silhouette-tone.ts toneReadingsFromBuffer slot i*8+4; WGSL tones.stats.x = mean.w,ORDINATE_CURVE,1.0,0.0,0.015579365014930204
0.5,1,dark-solid,rrect-ml,rest,NATIVE_ONLY_NO_CURRENT_WEB_ROW,deep8,22976,55.05670772980503,,55.1444,,0.038284567392199105,,"[54.90981894150418, 54.90981894150418, 56.94428969359331]",,,,,,,
0.5,1,dark-solid,rrect-ml,rest,NATIVE_ONLY_NO_CURRENT_WEB_ROW,core24,14076,55.14440000000001,,55.1444,,0.038400093182837276,,"[55.0, 55.0, 57.0]",,,,,,,
0.5,1,dark-solid,rrect-ml,inactive,ABSENT_NATIVE_AND_CURRENT_WEB
0.5,1,dark-solid,rrect-lg,rest,NATIVE_ONLY_NO_CURRENT_WEB_ROW,deep8,37440,53.18565849358973,,53.2166,,0.03584660217028309,,"[52.97339743589744, 52.97339743589744, 55.91330128205128]",,,,,,,
0.5,1,dark-solid,rrect-lg,rest,NATIVE_ONLY_NO_CURRENT_WEB_ROW,core24,25900,53.21659999999998,,53.2166,,0.035886138128023985,,"[53.0, 53.0, 56.0]",,,,,,,
0.5,1,dark-solid,rrect-lg,inactive,MEASURED_PAIR,deep8,37440,48.14440000000001,33.0722,48.1444,33.072199999999995,0.02972572457927044,0.015265392062568207,"[48.0, 48.0, 50.0]","[33.0, 33.0, 34.0]",0.11036621779203415,report.state.backdropToneAbscissae[0].encodedLuminance: recorded GPU reduction/readback; silhouette-tone.ts toneReadingsFromBuffer slot i*8+4; WGSL tones.stats.x = mean.w,ORDINATE_CURVE,1.0,0.0,0.015579340720397131
0.5,1,dark-solid,rrect-lg,inactive,MEASURED_PAIR,core24,25900,48.144400000000005,33.0722,48.1444,33.072199999999995,0.029725724579270436,0.015265392062568207,"[48.0, 48.0, 50.0]","[33.0, 33.0, 34.0]",0.11036621779203415,report.state.backdropToneAbscissae[0].encodedLuminance: recorded GPU reduction/readback; silhouette-tone.ts toneReadingsFromBuffer slot i*8+4; WGSL tones.stats.x = mean.w,ORDINATE_CURVE,1.0,0.0,0.015579340720397131
0.5,1,mid-dark-solid,rrect-sm,rest,NATIVE_ONLY_NO_CURRENT_WEB_ROW,deep8,768,92.49739583333333,,92.0,,0.10823605633713755,,"[92.49739583333333, 92.49739583333333, 92.49739583333333]",,,,,,,
0.5,1,mid-dark-solid,rrect-sm,rest,NATIVE_ONLY_NO_CURRENT_WEB_ROW,core24,0,,,,,,,,,,,,,,
0.5,1,mid-dark-solid,rrect-sm,inactive,NATIVE_ONLY_NO_CURRENT_WEB_ROW,deep8,768,85.0,,85.0,,0.09084171118340768,,"[85.0, 85.0, 85.0]",,,,,,,
0.5,1,mid-dark-solid,rrect-sm,inactive,NATIVE_ONLY_NO_CURRENT_WEB_ROW,core24,0,,,,,,,,,,,,,,
0.5,1,mid-dark-solid,rrect-md,rest,NATIVE_ONLY_NO_CURRENT_WEB_ROW,deep8,11392,87.87515112359551,,88.0,,0.09730270662174034,,"[87.87464887640449, 87.87535112359551, 87.87464887640449]",,,,,,,
0.5,1,mid-dark-solid,rrect-md,rest,NATIVE_ONLY_NO_CURRENT_WEB_ROW,core24,5376,88.0,,88.0,,0.09758734714186247,,"[88.0, 88.0, 88.0]",,,,,,,
0.5,1,mid-dark-solid,rrect-md,inactive,NATIVE_ONLY_NO_CURRENT_WEB_ROW,deep8,11392,81.0,,81.0,,0.0822827071298148,,"[81.0, 81.0, 81.0]",,,,,,,
0.5,1,mid-dark-solid,rrect-md,inactive,NATIVE_ONLY_NO_CURRENT_WEB_ROW,core24,5376,81.0,,81.0,,0.08228270712981478,,"[81.0, 81.0, 81.0]",,,,,,,
0.5,1,mid-dark-solid,rrect-ml,rest,ABSENT_NATIVE_AND_CURRENT_WEB
0.5,1,mid-dark-solid,rrect-ml,inactive,ABSENT_NATIVE_AND_CURRENT_WEB
0.5,1,mid-dark-solid,rrect-lg,rest,NATIVE_ONLY_NO_CURRENT_WEB_ROW,deep8,37440,83.94014444444444,,84.0,,0.08852659012654446,,"[83.94182692307692, 83.93969017094017, 83.93969017094017]",,,,,,,
0.5,1,mid-dark-solid,rrect-lg,rest,NATIVE_ONLY_NO_CURRENT_WEB_ROW,core24,25900,84.0,,84.0,,0.08865558628577294,,"[84.0, 84.0, 84.0]",,,,,,,
0.5,1,mid-dark-solid,rrect-lg,inactive,MEASURED_PAIR,deep8,37440,79.99999999999999,82.0,79.99999999999999,82.0,0.08021982031446832,0.08437621154414882,"[80.0, 80.0, 80.0]","[82.0, 82.0, 82.0]",0.27058401703834534,report.state.backdropToneAbscissae[0].encodedLuminance: recorded GPU reduction/readback; silhouette-tone.ts toneReadingsFromBuffer slot i*8+4; WGSL tones.stats.x = mean.w,ORDINATE_CURVE,1.0,0.0,0.08514837197679143
0.5,1,mid-dark-solid,rrect-lg,inactive,MEASURED_PAIR,core24,25900,79.99999999999999,82.0,79.99999999999999,82.0,0.0802198203144683,0.08437621154414886,"[80.0, 80.0, 80.0]","[82.0, 82.0, 82.0]",0.27058401703834534,report.state.backdropToneAbscissae[0].encodedLuminance: recorded GPU reduction/readback; silhouette-tone.ts toneReadingsFromBuffer slot i*8+4; WGSL tones.stats.x = mean.w,ORDINATE_CURVE,1.0,0.0,0.08514837197679143
0.5,1,impulse,rrect-sm,rest,NATIVE_ONLY_NO_CURRENT_WEB_ROW,deep8,768,32.661458333333336,,32.0,,0.014988681480238556,,"[32.661458333333336, 32.661458333333336, 32.661458333333336]",,,,,,,
0.5,1,impulse,rrect-sm,rest,NATIVE_ONLY_NO_CURRENT_WEB_ROW,core24,0,,,,,,,,,,,,,,
0.5,1,impulse,rrect-sm,rest,NATIVE_ONLY_NO_CURRENT_WEB_ROW,deep8_far16,242,32.0,,32.0,,0.014443843596092546,,"[32.0, 32.0, 32.0]",,,,,,,
0.5,1,impulse,rrect-sm,rest,NATIVE_ONLY_NO_CURRENT_WEB_ROW,deep8_far24,2,32.0,,32.0,,0.014443843596092545,,"[32.0, 32.0, 32.0]",,,,,,,
0.5,1,impulse,rrect-sm,rest,NATIVE_ONLY_NO_CURRENT_WEB_ROW,core24_far24,0,,,,,,,,,,,,,,
0.5,1,impulse,rrect-sm,rest,NATIVE_ONLY_NO_CURRENT_WEB_ROW,deep8_far32,0,,,,,,,,,,,,,,
0.5,1,impulse,rrect-sm,inactive,ABSENT_NATIVE_AND_CURRENT_WEB
0.5,1,impulse,rrect-md,rest,ABSENT_NATIVE_AND_CURRENT_WEB
0.5,1,impulse,rrect-md,inactive,ABSENT_NATIVE_AND_CURRENT_WEB
0.5,1,impulse,rrect-ml,rest,NATIVE_ONLY_NO_CURRENT_WEB_ROW,deep8,22976,32.12102991817549,,32.0,,0.014537330436860821,,"[32.1210393454039, 32.1210393454039, 32.12090877437326]",,,,,,,
0.5,1,impulse,rrect-ml,rest,NATIVE_ONLY_NO_CURRENT_WEB_ROW,core24,14076,32.19222672634271,,32.0,,0.01459236614095475,,"[32.192242114237, 32.192242114237, 32.19202898550725]",,,,,,,
0.5,1,impulse,rrect-ml,rest,NATIVE_ONLY_NO_CURRENT_WEB_ROW,deep8_far16,18626,32.0,,32.0,,0.014443843596092545,,"[32.0, 32.0, 32.0]",,,,,,,
0.5,1,impulse,rrect-ml,rest,NATIVE_ONLY_NO_CURRENT_WEB_ROW,deep8_far24,12834,32.0,,32.0,,0.014443843596092548,,"[32.0, 32.0, 32.0]",,,,,,,
0.5,1,impulse,rrect-ml,rest,NATIVE_ONLY_NO_CURRENT_WEB_ROW,core24_far24,7490,32.0,,32.0,,0.014443843596092546,,"[32.0, 32.0, 32.0]",,,,,,,
0.5,1,impulse,rrect-ml,rest,NATIVE_ONLY_NO_CURRENT_WEB_ROW,deep8_far32,4262,32.0,,32.0,,0.014443843596092548,,"[32.0, 32.0, 32.0]",,,,,,,
0.5,1,impulse,rrect-ml,inactive,MEASURED_PAIR,deep8,22976,21.023235306406686,23.926357938718663,21.0,24.0,0.007519765915384098,0.00909978543539868,"[21.023328690807798, 21.02319811977716, 21.023328690807798]","[23.926357938718663, 23.926357938718663, 23.926357938718663]",0.003422702429816127,report.state.backdropToneAbscissae[0].encodedLuminance: recorded GPU reduction/readback; silhouette-tone.ts toneReadingsFromBuffer slot i*8+4; WGSL tones.stats.x = mean.w,ORDINATE_CURVE,0.7981449854783975,0.0,0.0
0.5,1,impulse,rrect-ml,inactive,MEASURED_PAIR,core24,14076,21.17064506962205,24.058255186132424,21.0,24.0,0.007592741939119906,0.009179111368381898,"[21.17064506962205, 21.17064506962205, 21.17064506962205]","[24.058255186132424, 24.058255186132424, 24.058255186132424]",0.003422702429816127,report.state.backdropToneAbscissae[0].encodedLuminance: recorded GPU reduction/readback; silhouette-tone.ts toneReadingsFromBuffer slot i*8+4; WGSL tones.stats.x = mean.w,ORDINATE_CURVE,0.7981449854783975,0.0,0.0
0.5,1,impulse,rrect-ml,inactive,MEASURED_PAIR,deep8_far16,18626,20.710351122087406,23.727477719317083,21.0,24.0,0.007354048425146789,0.008979829327413908,"[20.710351122087406, 20.710351122087406, 20.710351122087406]","[23.727477719317083, 23.727477719317083, 23.727477719317083]",0.003422702429816127,report.state.backdropToneAbscissae[0].encodedLuminance: recorded GPU reduction/readback; silhouette-tone.ts toneReadingsFromBuffer slot i*8+4; WGSL tones.stats.x = mean.w,ORDINATE_CURVE,0.7981449854783975,0.0,0.0
0.5,1,impulse,rrect-ml,inactive,MEASURED_PAIR,deep8_far24,12834,20.600124668848373,23.60573476702509,21.0,24.0,0.0072976460867986565,0.008910930962949593,"[20.600124668848373, 20.600124668848373, 20.600124668848373]","[23.60573476702509, 23.60573476702509, 23.60573476702509]",0.003422702429816127,report.state.backdropToneAbscissae[0].encodedLuminance: recorded GPU reduction/readback; silhouette-tone.ts toneReadingsFromBuffer slot i*8+4; WGSL tones.stats.x = mean.w,ORDINATE_CURVE,0.7981449854783975,0.0,0.0
0.5,1,impulse,rrect-ml,inactive,MEASURED_PAIR,core24_far24,7490,20.76875834445928,23.657676902536714,21.0,24.0,0.007382573691487313,0.0089403267358971,"[20.76875834445928, 20.76875834445928, 20.76875834445928]","[23.657676902536714, 23.657676902536714, 23.657676902536714]",0.003422702429816127,report.state.backdropToneAbscissae[0].encodedLuminance: recorded GPU reduction/readback; silhouette-tone.ts toneReadingsFromBuffer slot i*8+4; WGSL tones.stats.x = mean.w,ORDINATE_CURVE,0.7981449854783975,0.0,0.0
0.5,1,impulse,rrect-ml,inactive,MEASURED_PAIR,deep8_far32,4262,20.329422806194273,23.12810886907555,19.999999999999996,23.0,0.007161314712316758,0.00864062666545239,"[20.329422806194273, 20.329422806194273, 20.329422806194273]","[23.12810886907555, 23.12810886907555, 23.12810886907555]",0.003422702429816127,report.state.backdropToneAbscissae[0].encodedLuminance: recorded GPU reduction/readback; silhouette-tone.ts toneReadingsFromBuffer slot i*8+4; WGSL tones.stats.x = mean.w,ORDINATE_CURVE,0.7981449854783975,0.0,0.0
0.5,1,impulse,rrect-lg,rest,NATIVE_ONLY_NO_CURRENT_WEB_ROW,deep8,37440,32.376795208333334,,32.0,,0.014733507200950431,,"[32.37681623931624, 32.37678952991453, 32.37678952991453]",,,,,,,
0.5,1,impulse,rrect-lg,rest,NATIVE_ONLY_NO_CURRENT_WEB_ROW,core24,25900,32.2915444015444,,32.0,,0.014667973757495793,,"[32.2915444015444, 32.2915444015444, 32.2915444015444]",,,,,,,
0.5,1,impulse,rrect-lg,rest,NATIVE_ONLY_NO_CURRENT_WEB_ROW,deep8_far16,27330,32.07676545920234,,32.0,,0.014502544741535162,,"[32.07676545920234, 32.07676545920234, 32.07676545920234]",,,,,,,
0.5,1,impulse,rrect-lg,rest,NATIVE_ONLY_NO_CURRENT_WEB_ROW,deep8_far24,17288,31.99994215640907,,32.0,,0.014443800689998792,,"[31.99994215640907, 31.99994215640907, 31.99994215640907]",,,,,,,
0.5,1,impulse,rrect-lg,rest,NATIVE_ONLY_NO_CURRENT_WEB_ROW,core24_far24,14480,32.0,,32.0,,0.014443843596092548,,"[32.0, 32.0, 32.0]",,,,,,,
0.5,1,impulse,rrect-lg,rest,NATIVE_ONLY_NO_CURRENT_WEB_ROW,deep8_far32,4608,32.0,,32.0,,0.014443843596092545,,"[32.0, 32.0, 32.0]",,,,,,,
0.5,1,impulse,rrect-lg,inactive,MEASURED_PAIR,deep8,37440,21.628392094017094,1.3985309829059829,21.0,1.0,0.00783681828107835,0.0004294629988828144,"[21.628392094017094, 21.628392094017094, 21.628392094017094]","[1.3985309829059829, 1.3985309829059829, 1.3985309829059829]",0.005477449856698513,report.state.backdropToneAbscissae[0].encodedLuminance: recorded GPU reduction/readback; silhouette-tone.ts toneReadingsFromBuffer slot i*8+4; WGSL tones.stats.x = mean.w,ORDINATE_CURVE,1.0,0.0,0.0002146271242107554
0.5,1,impulse,rrect-lg,inactive,MEASURED_PAIR,core24,25900,21.361351351351352,1.0432432432432432,21.0,1.0,0.007692369144390295,0.00031665247472932774,"[21.361351351351352, 21.361351351351352, 21.361351351351352]","[1.0432432432432432, 1.0432432432432432, 1.0432432432432432]",0.005477449856698513,report.state.backdropToneAbscissae[0].encodedLuminance: recorded GPU reduction/readback; silhouette-tone.ts toneReadingsFromBuffer slot i*8+4; WGSL tones.stats.x = mean.w,ORDINATE_CURVE,1.0,0.0,0.0002146271242107554
0.5,1,impulse,rrect-lg,inactive,MEASURED_PAIR,deep8_far16,27330,21.088840102451517,0.7442371020856202,21.0,1.0,0.007545863090643054,0.00022589604264117654,"[21.088840102451517, 21.088840102451517, 21.088840102451517]","[0.7442371020856202, 0.7442371020856202, 0.7442371020856202]",0.005477449856698513,report.state.backdropToneAbscissae[0].encodedLuminance: recorded GPU reduction/readback; silhouette-tone.ts toneReadingsFromBuffer slot i*8+4; WGSL tones.stats.x = mean.w,ORDINATE_CURVE,1.0,0.0,0.0002146271242107554
0.5,1,impulse,rrect-lg,inactive,MEASURED_PAIR,deep8_far24,17288,20.979639055992596,0.4492133271633503,21.0,0.0,0.007488777826816053,0.00013634836616382878,"[20.979639055992596, 20.979639055992596, 20.979639055992596]","[0.4492133271633503, 0.4492133271633503, 0.4492133271633503]",0.005477449856698513,report.state.backdropToneAbscissae[0].encodedLuminance: recorded GPU reduction/readback; silhouette-tone.ts toneReadingsFromBuffer slot i*8+4; WGSL tones.stats.x = mean.w,ORDINATE_CURVE,1.0,0.0,0.0002146271242107554
0.5,1,impulse,rrect-lg,inactive,MEASURED_PAIR,core24_far24,14480,20.975690607734805,0.369475138121547,21.0,0.0,0.0074867893019763,0.00011214567417032325,"[20.975690607734805, 20.975690607734805, 20.975690607734805]","[0.369475138121547, 0.369475138121547, 0.369475138121547]",0.005477449856698513,report.state.backdropToneAbscissae[0].encodedLuminance: recorded GPU reduction/readback; silhouette-tone.ts toneReadingsFromBuffer slot i*8+4; WGSL tones.stats.x = mean.w,ORDINATE_CURVE,1.0,0.0,0.0002146271242107554
0.5,1,impulse,rrect-lg,inactive,MEASURED_PAIR,deep8_far32,4608,20.92361111111111,0.0026041666666666665,21.0,0.0,0.007460560929229169,7.904348529917643e-07,"[20.92361111111111, 20.92361111111111, 20.92361111111111]","[0.0026041666666666665, 0.0026041666666666665, 0.0026041666666666665]",0.005477449856698513,report.state.backdropToneAbscissae[0].encodedLuminance: recorded GPU reduction/readback; silhouette-tone.ts toneReadingsFromBuffer slot i*8+4; WGSL tones.stats.x = mean.w,ORDINATE_CURVE,1.0,0.0,0.0002146271242107554
0.5,2,dark-solid,rrect-sm,rest,NATIVE_ONLY_NO_CURRENT_WEB_ROW,deep8,3072,58.26206510416667,,58.2166,,0.042689318554431456,,"[57.96875, 58.120442708333336, 60.528645833333336]",,,,,,,
0.5,2,dark-solid,rrect-sm,rest,NATIVE_ONLY_NO_CURRENT_WEB_ROW,core24,0,,,,,,,,,,,,,,
0.5,2,dark-solid,rrect-sm,inactive,NATIVE_ONLY_NO_CURRENT_WEB_ROW,deep8,3072,48.21659999999999,,48.2166,,0.029812995137816895,,"[48.0, 48.0, 51.0]",,,,,,,
0.5,2,dark-solid,rrect-sm,inactive,NATIVE_ONLY_NO_CURRENT_WEB_ROW,core24,0,,,,,,,,,,,,,,
0.5,2,dark-solid,rrect-md,rest,MEASURED_PAIR,deep8,45580,56.831866678367696,52.136441842913555,57.1444,52.1444,0.040691043443436686,0.03451363989118958,"[56.67305835892935, 56.67305835892935, 58.87261956998684]","[52.0, 52.0, 53.889776217639316]",0.11038773116388675,sRGB encode(report.backdropTone.level); source-uniform x reconstructed in float64,ORDINATE_CURVE,1.0,0.031,0.035026937165964604
0.5,2,dark-solid,rrect-md,rest,MEASURED_PAIR,core24,21504,57.13473541666667,52.144400000000005,57.1444,52.1444,0.04110555835877744,0.03452389107605474,"[56.989583333333336, 56.989583333333336, 59.0]","[52.0, 52.0, 54.0]",0.11038773116388675,sRGB encode(report.backdropTone.level); source-uniform x reconstructed in float64,ORDINATE_CURVE,1.0,0.031,0.035026937165964604
0.5,2,dark-solid,rrect-md,inactive,MEASURED_PAIR,deep8,45580,48.144400000000005,33.0722,48.1444,33.072199999999995,0.029725724579270432,0.015265392062568205,"[48.0, 48.0, 50.0]","[33.0, 33.0, 34.0]",0.11036638170480728,report.state.backdropToneAbscissae[0].encodedLuminance: recorded GPU reduction/readback; silhouette-tone.ts toneReadingsFromBuffer slot i*8+4; WGSL tones.stats.x = mean.w,ORDINATE_CURVE,1.0,0.0,0.015579376352396104
0.5,2,dark-solid,rrect-md,inactive,MEASURED_PAIR,core24,21504,48.144400000000005,33.0722,48.1444,33.072199999999995,0.029725724579270436,0.015265392062568207,"[48.0, 48.0, 50.0]","[33.0, 33.0, 34.0]",0.11036638170480728,report.state.backdropToneAbscissae[0].encodedLuminance: recorded GPU reduction/readback; silhouette-tone.ts toneReadingsFromBuffer slot i*8+4; WGSL tones.stats.x = mean.w,ORDINATE_CURVE,1.0,0.0,0.015579376352396104
0.5,2,dark-solid,rrect-ml,rest,NATIVE_ONLY_NO_CURRENT_WEB_ROW,deep8,91956,55.055503858367054,,55.1444,,0.03828297348717338,,"[54.90873896211232, 54.90873896211232, 56.9414937578842]",,,,,,,
0.5,2,dark-solid,rrect-ml,rest,NATIVE_ONLY_NO_CURRENT_WEB_ROW,core24,56288,55.14440000000001,,55.1444,,0.03840009318283728,,"[55.0, 55.0, 57.0]",,,,,,,
0.5,2,dark-solid,rrect-ml,inactive,ABSENT_NATIVE_AND_CURRENT_WEB
0.5,2,dark-solid,rrect-lg,rest,NATIVE_ONLY_NO_CURRENT_WEB_ROW,deep8,149740,53.18534774676104,,53.2166,,0.03584619242575201,,"[52.97330038733805, 52.97330038733805, 55.91024442366769]",,,,,,,
0.5,2,dark-solid,rrect-lg,rest,NATIVE_ONLY_NO_CURRENT_WEB_ROW,core24,103600,53.21659999999998,,53.2166,,0.035886138128023985,,"[53.0, 53.0, 56.0]",,,,,,,
0.5,2,dark-solid,rrect-lg,inactive,MEASURED_PAIR,deep8,149740,48.144400000000005,33.0722,48.1444,33.072199999999995,0.029725724579270436,0.015265392062568207,"[48.0, 48.0, 50.0]","[33.0, 33.0, 34.0]",0.11036666482686996,report.state.backdropToneAbscissae[0].encodedLuminance: recorded GPU reduction/readback; silhouette-tone.ts toneReadingsFromBuffer slot i*8+4; WGSL tones.stats.x = mean.w,ORDINATE_CURVE,1.0,0.0,0.015579437898829832
0.5,2,dark-solid,rrect-lg,inactive,MEASURED_PAIR,core24,103600,48.1444,33.0722,48.1444,33.072199999999995,0.029725724579270432,0.01526539206256821,"[48.0, 48.0, 50.0]","[33.0, 33.0, 34.0]",0.11036666482686996,report.state.backdropToneAbscissae[0].encodedLuminance: recorded GPU reduction/readback; silhouette-tone.ts toneReadingsFromBuffer slot i*8+4; WGSL tones.stats.x = mean.w,ORDINATE_CURVE,1.0,0.0,0.015579437898829832
0.5,2,mid-dark-solid,rrect-sm,rest,NATIVE_ONLY_NO_CURRENT_WEB_ROW,deep8,3072,92.49609375,,92.0,,0.10823288106656459,,"[92.49609375, 92.49609375, 92.49609375]",,,,,,,
0.5,2,mid-dark-solid,rrect-sm,rest,NATIVE_ONLY_NO_CURRENT_WEB_ROW,core24,0,,,,,,,,,,,,,,
0.5,2,mid-dark-solid,rrect-sm,inactive,NATIVE_ONLY_NO_CURRENT_WEB_ROW,deep8,3072,85.0,,85.0,,0.09084171118340768,,"[85.0, 85.0, 85.0]",,,,,,,
0.5,2,mid-dark-solid,rrect-sm,inactive,NATIVE_ONLY_NO_CURRENT_WEB_ROW,core24,0,,,,,,,,,,,,,,
0.5,2,mid-dark-solid,rrect-md,rest,NATIVE_ONLY_NO_CURRENT_WEB_ROW,deep8,45580,87.88105302325582,,88.0,,0.09731616224775318,,"[87.87424308907416, 87.88376480912682, 87.87424308907416]",,,,,,,
0.5,2,mid-dark-solid,rrect-md,rest,NATIVE_ONLY_NO_CURRENT_WEB_ROW,core24,21504,88.0,,88.0,,0.09758734714186247,,"[88.0, 88.0, 88.0]",,,,,,,
0.5,2,mid-dark-solid,rrect-md,inactive,NATIVE_ONLY_NO_CURRENT_WEB_ROW,deep8,45580,81.0,,81.0,,0.0822827071298148,,"[81.0, 81.0, 81.0]",,,,,,,
0.5,2,mid-dark-solid,rrect-md,inactive,NATIVE_ONLY_NO_CURRENT_WEB_ROW,core24,21504,81.0,,81.0,,0.08228270712981478,,"[81.0, 81.0, 81.0]",,,,,,,
0.5,2,mid-dark-solid,rrect-ml,rest,ABSENT_NATIVE_AND_CURRENT_WEB
0.5,2,mid-dark-solid,rrect-ml,inactive,ABSENT_NATIVE_AND_CURRENT_WEB
0.5,2,mid-dark-solid,rrect-lg,rest,NATIVE_ONLY_NO_CURRENT_WEB_ROW,deep8,149740,83.93755907305996,,84.0,,0.08852101832998054,,"[83.94127153733137, 83.93655669827702, 83.93655669827702]",,,,,,,
0.5,2,mid-dark-solid,rrect-lg,rest,NATIVE_ONLY_NO_CURRENT_WEB_ROW,core24,103600,84.0,,84.0,,0.08865558628577294,,"[84.0, 84.0, 84.0]",,,,,,,
0.5,2,mid-dark-solid,rrect-lg,inactive,MEASURED_PAIR,deep8,149740,79.99999999999999,82.0,79.99999999999999,82.0,0.08021982031446831,0.08437621154414882,"[80.0, 80.0, 80.0]","[82.0, 82.0, 82.0]",0.2705841064453125,report.state.backdropToneAbscissae[0].encodedLuminance: recorded GPU reduction/readback; silhouette-tone.ts toneReadingsFromBuffer slot i*8+4; WGSL tones.stats.x = mean.w,ORDINATE_CURVE,1.0,0.0,0.08514842085976301
0.5,2,mid-dark-solid,rrect-lg,inactive,MEASURED_PAIR,core24,103600,79.99999999999999,82.0,79.99999999999999,82.0,0.08021982031446831,0.08437621154414886,"[80.0, 80.0, 80.0]","[82.0, 82.0, 82.0]",0.2705841064453125,report.state.backdropToneAbscissae[0].encodedLuminance: recorded GPU reduction/readback; silhouette-tone.ts toneReadingsFromBuffer slot i*8+4; WGSL tones.stats.x = mean.w,ORDINATE_CURVE,1.0,0.0,0.08514842085976301
0.5,2,impulse,rrect-sm,rest,NATIVE_ONLY_NO_CURRENT_WEB_ROW,deep8,3072,32.601236979166664,,32.0,,0.01494259442164911,,"[32.601236979166664, 32.601236979166664, 32.601236979166664]",,,,,,,
0.5,2,impulse,rrect-sm,rest,NATIVE_ONLY_NO_CURRENT_WEB_ROW,core24,0,,,,,,,,,,,,,,
0.5,2,impulse,rrect-sm,rest,NATIVE_ONLY_NO_CURRENT_WEB_ROW,deep8_far16,912,32.0,,32.0,,0.014443843596092548,,"[32.0, 32.0, 32.0]",,,,,,,
0.5,2,impulse,rrect-sm,rest,NATIVE_ONLY_NO_CURRENT_WEB_ROW,deep8_far24,2,32.0,,32.0,,0.014443843596092545,,"[32.0, 32.0, 32.0]",,,,,,,
0.5,2,impulse,rrect-sm,rest,NATIVE_ONLY_NO_CURRENT_WEB_ROW,core24_far24,0,,,,,,,,,,,,,,
0.5,2,impulse,rrect-sm,rest,NATIVE_ONLY_NO_CURRENT_WEB_ROW,deep8_far32,0,,,,,,,,,,,,,,
0.5,2,impulse,rrect-sm,inactive,ABSENT_NATIVE_AND_CURRENT_WEB
0.5,2,impulse,rrect-md,rest,ABSENT_NATIVE_AND_CURRENT_WEB
0.5,2,impulse,rrect-md,inactive,ABSENT_NATIVE_AND_CURRENT_WEB
0.5,2,impulse,rrect-ml,rest,NATIVE_ONLY_NO_CURRENT_WEB_ROW,deep8,91956,32.110639086084646,,32.0,,0.014529126064617934,,"[32.11063987124277, 32.11063987124277, 32.11062899647658]",,,,,,,
0.5,2,impulse,rrect-ml,rest,NATIVE_ONLY_NO_CURRENT_WEB_ROW,core24,56288,32.17742552231381,,32.0,,0.014580626591244357,,"[32.177426805002845, 32.177426805002845, 32.17740903922683]",,,,,,,
0.5,2,impulse,rrect-ml,rest,NATIVE_ONLY_NO_CURRENT_WEB_ROW,deep8_far16,73620,32.0,,32.0,,0.014443843596092543,,"[32.0, 32.0, 32.0]",,,,,,,
0.5,2,impulse,rrect-ml,rest,NATIVE_ONLY_NO_CURRENT_WEB_ROW,deep8_far24,49888,32.0,,32.0,,0.014443843596092548,,"[32.0, 32.0, 32.0]",,,,,,,
0.5,2,impulse,rrect-ml,rest,NATIVE_ONLY_NO_CURRENT_WEB_ROW,core24_far24,29038,32.0,,32.0,,0.014443843596092548,,"[32.0, 32.0, 32.0]",,,,,,,
0.5,2,impulse,rrect-ml,rest,NATIVE_ONLY_NO_CURRENT_WEB_ROW,deep8_far32,16106,32.0,,32.0,,0.014443843596092545,,"[32.0, 32.0, 32.0]",,,,,,,
0.5,2,impulse,rrect-ml,inactive,MEASURED_PAIR,deep8,91956,20.94113489059985,23.498173039279656,21.0,23.0,0.0074755043649938025,0.008864674693211195,"[20.94113489059985, 20.94113489059985, 20.94113489059985]","[23.498173039279656, 23.498173039279656, 23.498173039279656]",0.003422454232349992,report.state.backdropToneAbscissae[0].encodedLuminance: recorded GPU reduction/readback; silhouette-tone.ts toneReadingsFromBuffer slot i*8+4; WGSL tones.stats.x = mean.w,ORDINATE_CURVE,0.7979920783011974,0.0,0.0
0.5,2,impulse,rrect-ml,inactive,MEASURED_PAIR,core24,56288,21.10021674246731,23.69734223990904,21.0,23.0,0.00755536275347354,0.008986277567972517,"[21.10021674246731, 21.10021674246731, 21.10021674246731]","[23.69734223990904, 23.69734223990904, 23.69734223990904]",0.003422454232349992,report.state.backdropToneAbscissae[0].encodedLuminance: recorded GPU reduction/readback; silhouette-tone.ts toneReadingsFromBuffer slot i*8+4; WGSL tones.stats.x = mean.w,ORDINATE_CURVE,0.7979920783011974,0.0,0.0
0.5,2,impulse,rrect-ml,inactive,MEASURED_PAIR,deep8_far16,73620,20.67794077696278,23.061016028253192,21.0,23.0,0.007337214008140165,0.008602656607121308,"[20.67794077696278, 20.67794077696278, 20.67794077696278]","[23.061016028253192, 23.061016028253192, 23.061016028253192]",0.003422454232349992,report.state.backdropToneAbscissae[0].encodedLuminance: recorded GPU reduction/readback; silhouette-tone.ts toneReadingsFromBuffer slot i*8+4; WGSL tones.stats.x = mean.w,ORDINATE_CURVE,0.7979920783011974,0.0,0.0
0.5,2,impulse,rrect-ml,inactive,MEASURED_PAIR,deep8_far24,49888,20.587215362411804,23.0,21.0,23.0,0.0072911446779319045,0.008568125618069305,"[20.587215362411804, 20.587215362411804, 20.587215362411804]","[23.0, 23.0, 23.0]",0.003422454232349992,report.state.backdropToneAbscissae[0].encodedLuminance: recorded GPU reduction/readback; silhouette-tone.ts toneReadingsFromBuffer slot i*8+4; WGSL tones.stats.x = mean.w,ORDINATE_CURVE,0.7979920783011974,0.0,0.0
0.5,2,impulse,rrect-ml,inactive,MEASURED_PAIR,core24_far24,29038,20.75745574764102,23.0,21.0,23.0,0.007376881456700525,0.008568125618069305,"[20.75745574764102, 20.75745574764102, 20.75745574764102]","[23.0, 23.0, 23.0]",0.003422454232349992,report.state.backdropToneAbscissae[0].encodedLuminance: recorded GPU reduction/readback; silhouette-tone.ts toneReadingsFromBuffer slot i*8+4; WGSL tones.stats.x = mean.w,ORDINATE_CURVE,0.7979920783011974,0.0,0.0
0.5,2,impulse,rrect-ml,inactive,MEASURED_PAIR,deep8_far32,16106,20.31758350925121,23.0,19.999999999999996,23.0,0.007155352183617023,0.008568125618069302,"[20.31758350925121, 20.31758350925121, 20.31758350925121]","[23.0, 23.0, 23.0]",0.003422454232349992,report.state.backdropToneAbscissae[0].encodedLuminance: recorded GPU reduction/readback; silhouette-tone.ts toneReadingsFromBuffer slot i*8+4; WGSL tones.stats.x = mean.w,ORDINATE_CURVE,0.7979920783011974,0.0,0.0
0.5,2,impulse,rrect-lg,rest,NATIVE_ONLY_NO_CURRENT_WEB_ROW,deep8,149740,32.21126427407506,,32.0,,0.014606225099823983,,"[32.211252838252975, 32.21127287297983, 32.21121276879925]",,,,,,,
0.5,2,impulse,rrect-lg,rest,NATIVE_ONLY_NO_CURRENT_WEB_ROW,core24,103600,32.16831976640926,,32.0,,0.014572956740862062,,"[32.16832046332046, 32.16832046332046, 32.16831081081081]",,,,,,,
0.5,2,impulse,rrect-lg,rest,NATIVE_ONLY_NO_CURRENT_WEB_ROW,deep8_far16,107552,32.004518744421304,,32.0,,0.01444740737318033,,"[32.004518744421304, 32.004518744421304, 32.004518744421304]",,,,,,,
0.5,2,impulse,rrect-lg,rest,NATIVE_ONLY_NO_CURRENT_WEB_ROW,deep8_far24,66712,31.994079026262142,,32.0,,0.014439451651363306,,"[31.994079026262142, 31.994079026262142, 31.994079026262142]",,,,,,,
0.5,2,impulse,rrect-lg,rest,NATIVE_ONLY_NO_CURRENT_WEB_ROW,core24_far24,56176,32.0,,32.0,,0.014443843596092545,,"[32.0, 32.0, 32.0]",,,,,,,
0.5,2,impulse,rrect-lg,rest,NATIVE_ONLY_NO_CURRENT_WEB_ROW,deep8_far32,17312,32.0,,32.0,,0.014443843596092546,,"[32.0, 32.0, 32.0]",,,,,,,
0.5,2,impulse,rrect-lg,inactive,MEASURED_PAIR,deep8,149740,21.508862133030586,1.477320689194604,21.0,0.0,0.007771562768793178,0.00045236088327853914,"[21.50903566181381, 21.50881527981835, 21.50881527981835]","[1.477320689194604, 1.477320689194604, 1.477320689194604]",0.00547818886116147,report.state.backdropToneAbscissae[0].encodedLuminance: recorded GPU reduction/readback; silhouette-tone.ts toneReadingsFromBuffer slot i*8+4; WGSL tones.stats.x = mean.w,ORDINATE_CURVE,1.0,0.0,0.00021473378023777103
0.5,2,impulse,rrect-lg,inactive,MEASURED_PAIR,core24,103600,21.243783783783783,0.8526833976833977,21.0,0.0,0.007628378603571291,0.000260780879910998,"[21.243783783783783, 21.243783783783783, 21.243783783783783]","[0.8526833976833977, 0.8526833976833977, 0.8526833976833977]",0.00547818886116147,report.state.backdropToneAbscissae[0].encodedLuminance: recorded GPU reduction/readback; silhouette-tone.ts toneReadingsFromBuffer slot i*8+4; WGSL tones.stats.x = mean.w,ORDINATE_CURVE,1.0,0.0,0.00021473378023777103
0.5,2,impulse,rrect-lg,inactive,MEASURED_PAIR,deep8_far16,107552,21.04427625706635,0.04891587325200833,21.0,0.0,0.0075225088120443005,1.4847287455839353e-05,"[21.04427625706635, 21.04427625706635, 21.04427625706635]","[0.04891587325200833, 0.04891587325200833, 0.04891587325200833]",0.00547818886116147,report.state.backdropToneAbscissae[0].encodedLuminance: recorded GPU reduction/readback; silhouette-tone.ts toneReadingsFromBuffer slot i*8+4; WGSL tones.stats.x = mean.w,ORDINATE_CURVE,1.0,0.0,0.00021473378023777103
0.5,2,impulse,rrect-lg,inactive,MEASURED_PAIR,deep8_far24,66712,20.978894351840747,0.0,21.0,0.0,0.007488402777528956,0.0,"[20.978894351840747, 20.978894351840747, 20.978894351840747]","[0.0, 0.0, 0.0]",0.00547818886116147,report.state.backdropToneAbscissae[0].encodedLuminance: recorded GPU reduction/readback; silhouette-tone.ts toneReadingsFromBuffer slot i*8+4; WGSL tones.stats.x = mean.w,ORDINATE_CURVE,1.0,0.0,0.00021473378023777103
0.5,2,impulse,rrect-lg,inactive,MEASURED_PAIR,core24_far24,56176,20.974935915693536,0.0,21.0,0.0,0.0074864092225697945,0.0,"[20.974935915693536, 20.974935915693536, 20.974935915693536]","[0.0, 0.0, 0.0]",0.00547818886116147,report.state.backdropToneAbscissae[0].encodedLuminance: recorded GPU reduction/readback; silhouette-tone.ts toneReadingsFromBuffer slot i*8+4; WGSL tones.stats.x = mean.w,ORDINATE_CURVE,1.0,0.0,0.00021473378023777103
0.5,2,impulse,rrect-lg,inactive,MEASURED_PAIR,deep8_far32,17312,20.91866913123845,0.0,21.0,0.0,0.007458072040153577,0.0,"[20.91866913123845, 20.91866913123845, 20.91866913123845]","[0.0, 0.0, 0.0]",0.00547818886116147,report.state.backdropToneAbscissae[0].encodedLuminance: recorded GPU reduction/readback; silhouette-tone.ts toneReadingsFromBuffer slot i*8+4; WGSL tones.stats.x = mean.w,ORDINATE_CURVE,1.0,0.0,0.00021473378023777103
