stratum,part,family,space,bestValidationWorstBin,method,fit,shellZeroWorstBin,bar,tau,pixels,bins,underpopulated,status,domain
1x/dark/inactive,arc,body-forward-affine,encoded,22.75,least-squares,256,22.75,0.0,1,3448,384,0,not closed,circular only
1x/dark/inactive,arc,body-forward-affine,linear,42.0,least-squares,368,42.0,0.0,1,3448,384,0,not closed,circular only
1x/dark/inactive,arc,body-forward-even-affine,encoded,21.5,least-squares,272,21.5,0.0,1,3448,384,0,not closed,circular only
1x/dark/inactive,arc,body-forward-even-affine,linear,36.333333333333336,least-squares,384,36.333333333333336,0.0,1,3448,384,0,not closed,circular only
1x/dark/inactive,arc,colour-gradient,encoded,128.0,least-squares,160,54.55555555555556,0.0,1,10744,672,0,not closed,all shapes
1x/dark/inactive,arc,constant,encoded,128.0,least-squares,0,108.55555555555556,0.0,1,10744,672,0,not closed,all shapes
1x/dark/inactive,arc,coverage-add,encoded,28.75,least-squares,176,28.75,0.0,1,3448,384,0,not closed,circular only
1x/dark/inactive,arc,coverage-add,linear,43.44444444444444,minimax,289,43.44444444444444,0.0,1,3448,384,0,not closed,circular only
1x/dark/inactive,arc,coverage-affine,encoded,20.22222222222222,minimax,225,20.22222222222222,0.0,1,3448,384,0,not closed,circular only
1x/dark/inactive,arc,coverage-affine,linear,48.0,minimax,337,48.0,0.0,1,3448,384,0,not closed,circular only
1x/dark/inactive,arc,coverage-even-affine,encoded,21.11111111111111,minimax,241,21.11111111111111,0.0,1,3448,384,0,not closed,circular only
1x/dark/inactive,arc,coverage-even-affine,linear,48.0,minimax,353,48.0,0.0,1,3448,384,0,not closed,circular only
1x/dark/inactive,arc,coverage-multiply,encoded,20.0,least-squares,192,19.555555555555557,0.0,1,3448,384,0,not closed,circular only
1x/dark/inactive,arc,coverage-multiply,linear,26.0,least-squares,304,26.0,0.0,1,3448,384,0,not closed,circular only
1x/dark/inactive,arc,coverage-screen,encoded,51.75,least-squares,208,51.75,0.0,1,3448,384,0,not closed,circular only
1x/dark/inactive,arc,coverage-screen,linear,51.25,least-squares,320,51.25,0.0,1,3448,384,0,not closed,circular only
1x/dark/inactive,arc,even,encoded,128.0,least-squares,16,104.55555555555556,0.0,1,10744,672,0,not closed,all shapes
1x/dark/inactive,arc,gradient,encoded,128.0,least-squares,144,107.55555555555556,0.0,1,10744,672,0,not closed,all shapes
1x/dark/inactive,arc,isotropic-even,encoded,128.0,least-squares,32,101.88888888888889,0.0,1,10744,672,0,not closed,all shapes
1x/dark/inactive,arc,isotropic-two-axis,encoded,128.0,least-squares,128,97.55555555555556,0.0,1,10744,672,0,not closed,all shapes
1x/dark/inactive,arc,one-sided-diagonal,encoded,142.55555555555554,least-squares,48,142.55555555555554,0.0,1,10744,672,0,not closed,all shapes
1x/dark/inactive,arc,rotated-axis,encoded,128.0,least-squares,112,105.88888888888889,0.0,1,10744,672,0,not closed,all shapes
1x/dark/inactive,arc,shipped-diagonal,encoded,128.0,least-squares,64,110.38888888888889,0.0,1,10744,672,0,not closed,all shapes
1x/dark/inactive,arc,signed-normal,encoded,128.0,least-squares,80,108.55555555555556,0.0,1,10744,672,0,not closed,all shapes
1x/dark/inactive,arc,two-term-even,encoded,128.0,least-squares,96,97.55555555555556,0.0,1,10744,672,0,not closed,all shapes
1x/dark/inactive,straight,body-forward-affine,encoded,19.0,least-squares,256,19.0,0.0,1,3648,48,0,not closed,circular only
1x/dark/inactive,straight,body-forward-affine,linear,40.0,least-squares,368,40.0,0.0,1,3648,48,0,not closed,circular only
1x/dark/inactive,straight,body-forward-even-affine,encoded,15.0,minimax,273,15.0,0.0,1,3648,48,0,not closed,circular only
1x/dark/inactive,straight,body-forward-even-affine,linear,9.0,minimax,385,9.0,0.0,1,3648,48,0,not closed,circular only
1x/dark/inactive,straight,colour-gradient,encoded,128.0,least-squares,160,38.0,0.0,1,4152,84,0,not closed,all shapes
1x/dark/inactive,straight,constant,encoded,128.0,least-squares,0,87.0,0.0,1,4152,84,0,not closed,all shapes
1x/dark/inactive,straight,coverage-add,encoded,20.0,least-squares,176,12.0,0.0,1,3648,48,0,not closed,circular only
1x/dark/inactive,straight,coverage-add,linear,68.0,minimax,289,68.0,0.0,1,3648,48,0,not closed,circular only
1x/dark/inactive,straight,coverage-affine,encoded,22.0,minimax,225,22.0,0.0,1,3648,48,0,not closed,circular only
1x/dark/inactive,straight,coverage-affine,linear,34.0,minimax,337,34.0,0.0,1,3648,48,0,not closed,circular only
1x/dark/inactive,straight,coverage-even-affine,encoded,24.0,least-squares,240,24.0,0.0,1,3648,48,0,not closed,circular only
1x/dark/inactive,straight,coverage-even-affine,linear,44.0,minimax,353,44.0,0.0,1,3648,48,0,not closed,circular only
1x/dark/inactive,straight,coverage-multiply,encoded,21.0,least-squares,192,21.0,0.0,1,3648,48,0,not closed,circular only
1x/dark/inactive,straight,coverage-multiply,linear,33.0,least-squares,304,33.0,0.0,1,3648,48,0,not closed,circular only
1x/dark/inactive,straight,coverage-screen,encoded,38.0,least-squares,208,38.0,0.0,1,3648,48,0,not closed,circular only
1x/dark/inactive,straight,coverage-screen,linear,38.0,least-squares,320,38.0,0.0,1,3648,48,0,not closed,circular only
1x/dark/inactive,straight,even,encoded,128.0,least-squares,16,121.0,0.0,1,4152,84,0,not closed,all shapes
1x/dark/inactive,straight,gradient,encoded,128.0,least-squares,144,87.0,0.0,1,4152,84,0,not closed,all shapes
1x/dark/inactive,straight,isotropic-even,encoded,128.0,least-squares,32,88.0,0.0,1,4152,84,0,not closed,all shapes
1x/dark/inactive,straight,isotropic-two-axis,encoded,128.0,least-squares,128,84.0,0.0,1,4152,84,0,not closed,all shapes
1x/dark/inactive,straight,one-sided-diagonal,encoded,128.0,least-squares,48,121.0,0.0,1,4152,84,0,not closed,all shapes
1x/dark/inactive,straight,rotated-axis,encoded,128.0,least-squares,112,86.0,0.0,1,4152,84,0,not closed,all shapes
1x/dark/inactive,straight,shipped-diagonal,encoded,128.0,least-squares,64,89.0,0.0,1,4152,84,0,not closed,all shapes
1x/dark/inactive,straight,signed-normal,encoded,128.0,least-squares,80,87.0,0.0,1,4152,84,0,not closed,all shapes
1x/dark/inactive,straight,two-term-even,encoded,128.0,least-squares,96,85.0,0.0,1,4152,84,0,not closed,all shapes
1x/dark/active,arc,body-forward-affine,encoded,47.888888888888886,least-squares,258,47.888888888888886,0.0,1,3448,384,0,not closed,circular only
1x/dark/active,arc,body-forward-affine,linear,39.25,minimax,371,39.25,0.0,1,3448,384,0,not closed,circular only
1x/dark/active,arc,body-forward-even-affine,encoded,27.0,least-squares,274,14.571428571428571,0.0,1,3448,384,0,not closed,circular only
1x/dark/active,arc,body-forward-even-affine,linear,27.25,least-squares,386,18.333333333333332,0.0,1,3448,384,0,not closed,circular only
1x/dark/active,arc,colour-gradient,encoded,124.0,least-squares,162,60.5,0.0,1,10774,672,0,not closed,all shapes
1x/dark/active,arc,constant,encoded,124.0,minimax,3,104.41176470588235,0.0,1,10774,672,0,not closed,all shapes
1x/dark/active,arc,coverage-add,encoded,52.333333333333336,least-squares,178,52.333333333333336,0.0,1,3448,384,0,not closed,circular only
1x/dark/active,arc,coverage-add,linear,52.888888888888886,least-squares,290,52.888888888888886,0.0,1,3448,384,0,not closed,circular only
1x/dark/active,arc,coverage-affine,encoded,45.111111111111114,least-squares,226,45.111111111111114,0.0,1,3448,384,0,not closed,circular only
1x/dark/active,arc,coverage-affine,linear,41.75,minimax,339,37.5,0.0,1,3448,384,0,not closed,circular only
1x/dark/active,arc,coverage-even-affine,encoded,39.25,least-squares,242,21.77777777777778,0.0,1,3448,384,0,not closed,circular only
1x/dark/active,arc,coverage-even-affine,linear,41.75,minimax,355,37.5,0.0,1,3448,384,0,not closed,circular only
1x/dark/active,arc,coverage-multiply,encoded,45.888888888888886,least-squares,194,45.888888888888886,0.0,1,3448,384,0,not closed,circular only
1x/dark/active,arc,coverage-multiply,linear,41.75,minimax,307,37.5,0.0,1,3448,384,0,not closed,circular only
1x/dark/active,arc,coverage-screen,encoded,58.333333333333336,least-squares,210,58.333333333333336,0.0,1,3448,384,0,not closed,circular only
1x/dark/active,arc,coverage-screen,linear,57.77777777777778,least-squares,322,57.77777777777778,0.0,1,3448,384,0,not closed,circular only
1x/dark/active,arc,even,encoded,124.0,least-squares,18,98.47058823529412,0.0,1,10774,672,0,not closed,all shapes
1x/dark/active,arc,gradient,encoded,124.0,least-squares,146,104.82352941176471,0.0,1,10774,672,0,not closed,all shapes
1x/dark/active,arc,isotropic-even,encoded,124.0,least-squares,34,98.6470588235294,0.0,1,10774,672,0,not closed,all shapes
1x/dark/active,arc,isotropic-two-axis,encoded,124.0,least-squares,130,94.47058823529412,0.0,1,10774,672,0,not closed,all shapes
1x/dark/active,arc,one-sided-diagonal,encoded,145.41176470588235,least-squares,50,145.41176470588235,0.0,1,10774,672,0,not closed,all shapes
1x/dark/active,arc,rotated-axis,encoded,124.0,least-squares,114,93.88235294117646,0.0,1,10774,672,0,not closed,all shapes
1x/dark/active,arc,shipped-diagonal,encoded,124.0,minimax,67,108.17647058823529,0.0,1,10774,672,0,not closed,all shapes
1x/dark/active,arc,signed-normal,encoded,124.0,minimax,83,102.23529411764706,0.0,1,10774,672,0,not closed,all shapes
1x/dark/active,arc,two-term-even,encoded,124.0,least-squares,98,98.52941176470588,0.0,1,10774,672,0,not closed,all shapes
1x/dark/active,straight,body-forward-affine,encoded,36.0,least-squares,258,13.0,0.0,1,3648,48,0,not closed,circular only
1x/dark/active,straight,body-forward-affine,linear,36.0,least-squares,370,11.0,0.0,1,3648,48,0,not closed,circular only
1x/dark/active,straight,body-forward-even-affine,encoded,36.0,least-squares,274,4.0,0.0,1,3648,48,0,not closed,circular only
1x/dark/active,straight,body-forward-even-affine,linear,36.0,least-squares,386,3.0,0.0,1,3648,48,0,not closed,circular only
1x/dark/active,straight,colour-gradient,encoded,118.0,least-squares,162,90.0,0.0,1,4152,84,0,not closed,all shapes
1x/dark/active,straight,constant,encoded,118.0,least-squares,2,83.0,0.0,1,4152,84,0,not closed,all shapes
1x/dark/active,straight,coverage-add,encoded,49.0,minimax,179,2.0,0.0,1,3648,48,0,not closed,circular only
1x/dark/active,straight,coverage-add,linear,50.0,least-squares,290,32.0,0.0,1,3648,48,0,not closed,circular only
1x/dark/active,straight,coverage-affine,encoded,49.0,least-squares,226,16.0,0.0,1,3648,48,0,not closed,circular only
1x/dark/active,straight,coverage-affine,linear,49.0,least-squares,338,15.0,0.0,1,3648,48,0,not closed,circular only
1x/dark/active,straight,coverage-even-affine,encoded,49.0,least-squares,242,6.0,0.0,1,3648,48,0,not closed,circular only
1x/dark/active,straight,coverage-even-affine,linear,49.0,least-squares,354,17.0,0.0,1,3648,48,0,not closed,circular only
1x/dark/active,straight,coverage-multiply,encoded,49.0,minimax,195,2.0,0.0,1,3648,48,0,not closed,circular only
1x/dark/active,straight,coverage-multiply,linear,50.0,least-squares,306,15.0,0.0,1,3648,48,0,not closed,circular only
1x/dark/active,straight,coverage-screen,encoded,49.0,least-squares,210,3.0,0.0,1,3648,48,0,not closed,circular only
1x/dark/active,straight,coverage-screen,linear,49.0,least-squares,322,32.0,0.0,1,3648,48,0,not closed,circular only
1x/dark/active,straight,even,encoded,118.0,least-squares,18,92.0,0.0,1,4152,84,0,not closed,all shapes
1x/dark/active,straight,gradient,encoded,118.0,least-squares,146,92.0,0.0,1,4152,84,0,not closed,all shapes
1x/dark/active,straight,isotropic-even,encoded,118.0,least-squares,34,91.0,0.0,1,4152,84,0,not closed,all shapes
1x/dark/active,straight,isotropic-two-axis,encoded,118.0,least-squares,130,92.0,0.0,1,4152,84,0,not closed,all shapes
1x/dark/active,straight,one-sided-diagonal,encoded,118.0,least-squares,50,84.0,0.0,1,4152,84,0,not closed,all shapes
1x/dark/active,straight,rotated-axis,encoded,118.0,least-squares,114,91.0,0.0,1,4152,84,0,not closed,all shapes
1x/dark/active,straight,shipped-diagonal,encoded,118.0,least-squares,66,84.0,0.0,1,4152,84,0,not closed,all shapes
1x/dark/active,straight,signed-normal,encoded,118.0,least-squares,82,84.0,0.0,1,4152,84,0,not closed,all shapes
1x/dark/active,straight,two-term-even,encoded,118.0,least-squares,98,91.0,0.0,1,4152,84,0,not closed,all shapes
1x/light/inactive,arc,body-forward-affine,encoded,15.75,least-squares,260,15.75,0.0,1,3448,384,0,not closed,circular only
1x/light/inactive,arc,body-forward-affine,linear,22.75,least-squares,372,22.75,0.0,1,3448,384,0,not closed,circular only
1x/light/inactive,arc,body-forward-even-affine,encoded,14.625,least-squares,276,14.625,0.0,1,3448,384,0,not closed,circular only
1x/light/inactive,arc,body-forward-even-affine,linear,22.75,least-squares,388,22.75,0.0,1,3448,384,0,not closed,circular only
1x/light/inactive,arc,colour-gradient,encoded,97.0,least-squares,164,29.25,0.0,1,10744,672,0,not closed,all shapes
1x/light/inactive,arc,constant,encoded,97.0,least-squares,4,28.666666666666668,0.0,1,10744,672,0,not closed,all shapes
1x/light/inactive,arc,coverage-add,encoded,79.0,least-squares,180,25.22222222222222,0.0,1,3448,384,0,not closed,circular only
1x/light/inactive,arc,coverage-add,linear,79.0,least-squares,292,66.25,0.0,1,3448,384,0,not closed,circular only
1x/light/inactive,arc,coverage-affine,encoded,79.0,least-squares,228,22.77777777777778,0.0,1,3448,384,0,not closed,circular only
1x/light/inactive,arc,coverage-affine,linear,79.0,least-squares,340,33.55555555555556,0.0,1,3448,384,0,not closed,circular only
1x/light/inactive,arc,coverage-even-affine,encoded,79.0,least-squares,244,29.444444444444443,0.0,1,3448,384,0,not closed,circular only
1x/light/inactive,arc,coverage-even-affine,linear,79.0,least-squares,356,43.0,0.0,1,3448,384,0,not closed,circular only
1x/light/inactive,arc,coverage-multiply,encoded,79.0,least-squares,196,18.875,0.0,1,3448,384,0,not closed,circular only
1x/light/inactive,arc,coverage-multiply,linear,79.0,least-squares,308,18.5,0.0,1,3448,384,0,not closed,circular only
1x/light/inactive,arc,coverage-screen,encoded,79.0,least-squares,212,42.0,0.0,1,3448,384,0,not closed,circular only
1x/light/inactive,arc,coverage-screen,linear,79.0,least-squares,324,40.55555555555556,0.0,1,3448,384,0,not closed,circular only
1x/light/inactive,arc,even,encoded,97.0,least-squares,20,30.666666666666668,0.0,1,10744,672,0,not closed,all shapes
1x/light/inactive,arc,gradient,encoded,97.0,least-squares,148,32.666666666666664,0.0,1,10744,672,0,not closed,all shapes
1x/light/inactive,arc,isotropic-even,encoded,97.0,least-squares,36,35.666666666666664,0.0,1,10744,672,0,not closed,all shapes
1x/light/inactive,arc,isotropic-two-axis,encoded,97.0,least-squares,132,25.55,0.0,1,10744,672,0,not closed,all shapes
1x/light/inactive,arc,one-sided-diagonal,encoded,97.0,least-squares,52,50.666666666666664,0.0,1,10744,672,0,not closed,all shapes
1x/light/inactive,arc,rotated-axis,encoded,97.0,least-squares,116,35.666666666666664,0.0,1,10744,672,0,not closed,all shapes
1x/light/inactive,arc,shipped-diagonal,encoded,97.0,least-squares,68,34.26315789473684,0.0,1,10744,672,0,not closed,all shapes
1x/light/inactive,arc,signed-normal,encoded,97.0,least-squares,84,28.666666666666668,0.0,1,10744,672,0,not closed,all shapes
1x/light/inactive,arc,two-term-even,encoded,97.0,least-squares,100,29.36842105263158,0.0,1,10744,672,0,not closed,all shapes
1x/light/inactive,straight,body-forward-affine,encoded,10.0,least-squares,260,10.0,0.0,1,3648,48,0,not closed,circular only
1x/light/inactive,straight,body-forward-affine,linear,21.0,least-squares,372,21.0,0.0,1,3648,48,0,not closed,circular only
1x/light/inactive,straight,body-forward-even-affine,encoded,9.0,minimax,277,9.0,0.0,1,3648,48,0,not closed,circular only
1x/light/inactive,straight,body-forward-even-affine,linear,21.0,least-squares,388,21.0,0.0,1,3648,48,0,not closed,circular only
1x/light/inactive,straight,colour-gradient,encoded,97.0,least-squares,164,21.0,0.0,1,4152,84,0,not closed,all shapes
1x/light/inactive,straight,constant,encoded,97.0,least-squares,4,21.0,0.0,1,4152,84,0,not closed,all shapes
1x/light/inactive,straight,coverage-add,encoded,81.0,least-squares,180,15.0,0.0,1,3648,48,0,not closed,circular only
1x/light/inactive,straight,coverage-add,linear,82.0,least-squares,292,69.0,0.0,1,3648,48,0,not closed,circular only
1x/light/inactive,straight,coverage-affine,encoded,80.0,least-squares,228,20.0,0.0,1,3648,48,0,not closed,circular only
1x/light/inactive,straight,coverage-affine,linear,80.0,least-squares,340,33.0,0.0,1,3648,48,0,not closed,circular only
1x/light/inactive,straight,coverage-even-affine,encoded,80.0,least-squares,244,15.0,0.0,1,3648,48,0,not closed,circular only
1x/light/inactive,straight,coverage-even-affine,linear,80.0,least-squares,356,32.0,0.0,1,3648,48,0,not closed,circular only
1x/light/inactive,straight,coverage-multiply,encoded,80.0,least-squares,196,7.0,0.0,1,3648,48,0,not closed,circular only
1x/light/inactive,straight,coverage-multiply,linear,80.0,least-squares,308,6.0,0.0,1,3648,48,0,not closed,circular only
1x/light/inactive,straight,coverage-screen,encoded,79.0,minimax,213,36.0,0.0,1,3648,48,0,not closed,circular only
1x/light/inactive,straight,coverage-screen,linear,79.0,minimax,325,36.0,0.0,1,3648,48,0,not closed,circular only
1x/light/inactive,straight,even,encoded,97.0,least-squares,20,43.0,0.0,1,4152,84,0,not closed,all shapes
1x/light/inactive,straight,gradient,encoded,97.0,least-squares,148,19.0,0.0,1,4152,84,0,not closed,all shapes
1x/light/inactive,straight,isotropic-even,encoded,97.0,least-squares,36,19.0,0.0,1,4152,84,0,not closed,all shapes
1x/light/inactive,straight,isotropic-two-axis,encoded,97.0,least-squares,132,20.0,0.0,1,4152,84,0,not closed,all shapes
1x/light/inactive,straight,one-sided-diagonal,encoded,97.0,least-squares,52,43.0,0.0,1,4152,84,0,not closed,all shapes
1x/light/inactive,straight,rotated-axis,encoded,97.0,least-squares,116,19.0,0.0,1,4152,84,0,not closed,all shapes
1x/light/inactive,straight,shipped-diagonal,encoded,97.0,least-squares,68,21.0,0.0,1,4152,84,0,not closed,all shapes
1x/light/inactive,straight,signed-normal,encoded,97.0,least-squares,84,21.0,0.0,1,4152,84,0,not closed,all shapes
1x/light/inactive,straight,two-term-even,encoded,97.0,least-squares,100,19.0,0.0,1,4152,84,0,not closed,all shapes
1x/light/active,arc,body-forward-affine,encoded,30.88888888888889,least-squares,262,30.88888888888889,0.0,1,3448,384,0,not closed,circular only
1x/light/active,arc,body-forward-affine,linear,32.77777777777778,least-squares,374,32.77777777777778,0.0,1,3448,384,0,not closed,circular only
1x/light/active,arc,body-forward-even-affine,encoded,22.25,least-squares,278,10.75,0.0,1,3448,384,0,not closed,circular only
1x/light/active,arc,body-forward-even-affine,linear,32.888888888888886,least-squares,390,32.888888888888886,0.0,1,3448,384,0,not closed,circular only
1x/light/active,arc,colour-gradient,encoded,106.86111111111111,least-squares,166,36.78947368421053,0.0,1,10738,672,0,not closed,all shapes
1x/light/active,arc,constant,encoded,106.86111111111111,least-squares,6,39.666666666666664,0.0,1,10738,672,0,not closed,all shapes
1x/light/active,arc,coverage-add,encoded,89.0,minimax,183,54.666666666666664,0.0,1,3448,384,0,not closed,circular only
1x/light/active,arc,coverage-add,linear,89.0,minimax,295,54.666666666666664,0.0,1,3448,384,0,not closed,circular only
1x/light/active,arc,coverage-affine,encoded,89.0,least-squares,230,37.77777777777778,0.0,1,3448,384,0,not closed,circular only
1x/light/active,arc,coverage-affine,linear,89.0,least-squares,342,38.333333333333336,0.0,1,3448,384,0,not closed,circular only
1x/light/active,arc,coverage-even-affine,encoded,89.0,least-squares,246,22.22222222222222,0.0,1,3448,384,0,not closed,circular only
1x/light/active,arc,coverage-even-affine,linear,89.0,least-squares,358,36.666666666666664,0.0,1,3448,384,0,not closed,circular only
1x/light/active,arc,coverage-multiply,encoded,89.0,minimax,199,54.666666666666664,0.0,1,3448,384,0,not closed,circular only
1x/light/active,arc,coverage-multiply,linear,89.0,minimax,311,54.666666666666664,0.0,1,3448,384,0,not closed,circular only
1x/light/active,arc,coverage-screen,encoded,89.0,least-squares,214,53.666666666666664,0.0,1,3448,384,0,not closed,circular only
1x/light/active,arc,coverage-screen,linear,89.0,minimax,327,54.666666666666664,0.0,1,3448,384,0,not closed,circular only
1x/light/active,arc,even,encoded,106.86111111111111,least-squares,22,30.095238095238095,0.0,1,10738,672,0,not closed,all shapes
1x/light/active,arc,gradient,encoded,106.86111111111111,least-squares,150,32.666666666666664,0.0,1,10738,672,0,not closed,all shapes
1x/light/active,arc,isotropic-even,encoded,106.86111111111111,least-squares,38,28.75,0.0,1,10738,672,0,not closed,all shapes
1x/light/active,arc,isotropic-two-axis,encoded,106.86111111111111,least-squares,134,27.857142857142858,0.0,1,10738,672,0,not closed,all shapes
1x/light/active,arc,one-sided-diagonal,encoded,106.86111111111111,least-squares,54,54.666666666666664,0.0,1,10738,672,0,not closed,all shapes
1x/light/active,arc,rotated-axis,encoded,106.86111111111111,least-squares,118,30.25,0.0,1,10738,672,0,not closed,all shapes
1x/light/active,arc,shipped-diagonal,encoded,106.86111111111111,least-squares,70,40.888888888888886,0.0,1,10738,672,0,not closed,all shapes
1x/light/active,arc,signed-normal,encoded,106.86111111111111,least-squares,86,40.666666666666664,0.0,1,10738,672,0,not closed,all shapes
1x/light/active,arc,two-term-even,encoded,106.86111111111111,least-squares,102,28.857142857142858,0.0,1,10738,672,0,not closed,all shapes
1x/light/active,straight,body-forward-affine,encoded,31.0,least-squares,262,5.0,0.0,1,3648,48,0,not closed,circular only
1x/light/active,straight,body-forward-affine,linear,29.0,least-squares,374,25.0,0.0,1,3648,48,0,not closed,circular only
1x/light/active,straight,body-forward-even-affine,encoded,31.0,least-squares,278,8.0,0.0,1,3648,48,0,not closed,circular only
1x/light/active,straight,body-forward-even-affine,linear,29.0,least-squares,390,25.0,0.0,1,3648,48,0,not closed,circular only
1x/light/active,straight,colour-gradient,encoded,124.0,least-squares,166,20.0,0.0,1,4152,84,0,not closed,all shapes
1x/light/active,straight,constant,encoded,124.0,least-squares,6,17.0,0.0,1,4152,84,0,not closed,all shapes
1x/light/active,straight,coverage-add,encoded,109.0,least-squares,182,13.0,0.0,1,3648,48,0,not closed,circular only
1x/light/active,straight,coverage-add,linear,109.0,minimax,295,25.0,0.0,1,3648,48,0,not closed,circular only
1x/light/active,straight,coverage-affine,encoded,109.0,least-squares,230,11.0,0.0,1,3648,48,0,not closed,circular only
1x/light/active,straight,coverage-affine,linear,109.0,least-squares,342,19.0,0.0,1,3648,48,0,not closed,circular only
1x/light/active,straight,coverage-even-affine,encoded,109.0,least-squares,246,13.0,0.0,1,3648,48,0,not closed,circular only
1x/light/active,straight,coverage-even-affine,linear,109.0,least-squares,358,19.0,0.0,1,3648,48,0,not closed,circular only
1x/light/active,straight,coverage-multiply,encoded,109.0,least-squares,198,7.0,0.0,1,3648,48,0,not closed,circular only
1x/light/active,straight,coverage-multiply,linear,109.0,least-squares,310,7.0,0.0,1,3648,48,0,not closed,circular only
1x/light/active,straight,coverage-screen,encoded,109.0,least-squares,214,24.0,0.0,1,3648,48,0,not closed,circular only
1x/light/active,straight,coverage-screen,linear,109.0,least-squares,326,25.0,0.0,1,3648,48,0,not closed,circular only
1x/light/active,straight,even,encoded,124.0,least-squares,22,32.0,0.0,1,4152,84,0,not closed,all shapes
1x/light/active,straight,gradient,encoded,124.0,least-squares,150,20.0,0.0,1,4152,84,0,not closed,all shapes
1x/light/active,straight,isotropic-even,encoded,124.0,least-squares,38,20.0,0.0,1,4152,84,0,not closed,all shapes
1x/light/active,straight,isotropic-two-axis,encoded,124.0,least-squares,134,16.0,0.0,1,4152,84,0,not closed,all shapes
1x/light/active,straight,one-sided-diagonal,encoded,124.0,least-squares,54,32.0,0.0,1,4152,84,0,not closed,all shapes
1x/light/active,straight,rotated-axis,encoded,124.0,least-squares,118,20.0,0.0,1,4152,84,0,not closed,all shapes
1x/light/active,straight,shipped-diagonal,encoded,124.0,least-squares,70,18.0,0.0,1,4152,84,0,not closed,all shapes
1x/light/active,straight,signed-normal,encoded,124.0,least-squares,86,17.0,0.0,1,4152,84,0,not closed,all shapes
1x/light/active,straight,two-term-even,encoded,124.0,least-squares,102,17.0,0.0,1,4152,84,0,not closed,all shapes
2x/dark/inactive,arc,body-forward-affine,encoded,10.894736842105264,minimax,265,10.894736842105264,0.0,1,6752,384,0,not closed,circular only
2x/dark/inactive,arc,body-forward-affine,linear,27.444444444444443,minimax,377,27.444444444444443,0.0,1,6752,384,0,not closed,circular only
2x/dark/inactive,arc,body-forward-even-affine,encoded,10.894736842105264,minimax,281,10.894736842105264,0.0,1,6752,384,0,not closed,circular only
2x/dark/inactive,arc,body-forward-even-affine,linear,22.2,minimax,393,22.2,0.0,1,6752,384,0,not closed,circular only
2x/dark/inactive,arc,colour-gradient,encoded,128.0,least-squares,168,54.705882352941174,0.0,1,21320,672,0,not closed,all shapes
2x/dark/inactive,arc,constant,encoded,128.0,least-squares,8,109.76470588235294,0.0,1,21320,672,0,not closed,all shapes
2x/dark/inactive,arc,coverage-add,encoded,22.88888888888889,least-squares,184,22.88888888888889,0.0,1,6752,384,0,not closed,circular only
2x/dark/inactive,arc,coverage-add,linear,45.888888888888886,minimax,297,45.888888888888886,0.0,1,6752,384,0,not closed,circular only
2x/dark/inactive,arc,coverage-affine,encoded,25.0,least-squares,232,25.0,0.0,1,6752,384,0,not closed,circular only
2x/dark/inactive,arc,coverage-affine,linear,45.888888888888886,minimax,345,45.888888888888886,0.0,1,6752,384,0,not closed,circular only
2x/dark/inactive,arc,coverage-even-affine,encoded,23.88888888888889,least-squares,248,23.88888888888889,0.0,1,6752,384,0,not closed,circular only
2x/dark/inactive,arc,coverage-even-affine,linear,48.333333333333336,minimax,361,48.333333333333336,0.0,1,6752,384,0,not closed,circular only
2x/dark/inactive,arc,coverage-multiply,encoded,20.0,least-squares,200,17.333333333333332,0.0,1,6752,384,0,not closed,circular only
2x/dark/inactive,arc,coverage-multiply,linear,22.666666666666668,least-squares,312,22.666666666666668,0.0,1,6752,384,0,not closed,circular only
2x/dark/inactive,arc,coverage-screen,encoded,46.333333333333336,least-squares,216,46.333333333333336,0.0,1,6752,384,0,not closed,circular only
2x/dark/inactive,arc,coverage-screen,linear,46.111111111111114,least-squares,328,46.111111111111114,0.0,1,6752,384,0,not closed,circular only
2x/dark/inactive,arc,even,encoded,128.0,least-squares,24,106.76470588235294,0.0,1,21320,672,0,not closed,all shapes
2x/dark/inactive,arc,gradient,encoded,128.0,least-squares,152,109.76470588235294,0.0,1,21320,672,0,not closed,all shapes
2x/dark/inactive,arc,isotropic-even,encoded,128.0,least-squares,40,113.76470588235294,0.0,1,21320,672,0,not closed,all shapes
2x/dark/inactive,arc,isotropic-two-axis,encoded,128.0,least-squares,136,100.05882352941177,0.0,1,21320,672,0,not closed,all shapes
2x/dark/inactive,arc,one-sided-diagonal,encoded,143.76470588235293,least-squares,56,143.76470588235293,0.0,1,21320,672,0,not closed,all shapes
2x/dark/inactive,arc,rotated-axis,encoded,128.0,least-squares,120,107.58823529411765,0.0,1,21320,672,0,not closed,all shapes
2x/dark/inactive,arc,shipped-diagonal,encoded,128.0,least-squares,72,111.97058823529412,0.0,1,21320,672,0,not closed,all shapes
2x/dark/inactive,arc,signed-normal,encoded,128.0,least-squares,88,110.76470588235294,0.0,1,21320,672,0,not closed,all shapes
2x/dark/inactive,arc,two-term-even,encoded,128.0,least-squares,104,100.05882352941177,0.0,1,21320,672,0,not closed,all shapes
2x/dark/inactive,straight,body-forward-affine,encoded,12.0,minimax,265,12.0,0.0,1,7296,48,0,not closed,circular only
2x/dark/inactive,straight,body-forward-affine,linear,38.0,minimax,377,38.0,0.0,1,7296,48,0,not closed,circular only
2x/dark/inactive,straight,body-forward-even-affine,encoded,12.0,minimax,281,12.0,0.0,1,7296,48,0,not closed,circular only
2x/dark/inactive,straight,body-forward-even-affine,linear,9.0,minimax,393,9.0,0.0,1,7296,48,0,not closed,circular only
2x/dark/inactive,straight,colour-gradient,encoded,128.0,least-squares,168,39.0,0.0,1,8232,84,0,not closed,all shapes
2x/dark/inactive,straight,constant,encoded,128.0,least-squares,8,87.0,0.0,1,8232,84,0,not closed,all shapes
2x/dark/inactive,straight,coverage-add,encoded,20.0,least-squares,184,12.0,0.0,1,7296,48,0,not closed,circular only
2x/dark/inactive,straight,coverage-add,linear,37.0,minimax,297,37.0,0.0,1,7296,48,0,not closed,circular only
2x/dark/inactive,straight,coverage-affine,encoded,23.0,least-squares,232,23.0,0.0,1,7296,48,0,not closed,circular only
2x/dark/inactive,straight,coverage-affine,linear,37.0,minimax,345,37.0,0.0,1,7296,48,0,not closed,circular only
2x/dark/inactive,straight,coverage-even-affine,encoded,24.0,least-squares,248,24.0,0.0,1,7296,48,0,not closed,circular only
2x/dark/inactive,straight,coverage-even-affine,linear,44.0,minimax,361,44.0,0.0,1,7296,48,0,not closed,circular only
2x/dark/inactive,straight,coverage-multiply,encoded,21.0,least-squares,200,21.0,0.0,1,7296,48,0,not closed,circular only
2x/dark/inactive,straight,coverage-multiply,linear,32.0,least-squares,312,32.0,0.0,1,7296,48,0,not closed,circular only
2x/dark/inactive,straight,coverage-screen,encoded,38.0,least-squares,216,38.0,0.0,1,7296,48,0,not closed,circular only
2x/dark/inactive,straight,coverage-screen,linear,38.0,least-squares,328,38.0,0.0,1,7296,48,0,not closed,circular only
2x/dark/inactive,straight,even,encoded,128.0,least-squares,24,121.0,0.0,1,8232,84,0,not closed,all shapes
2x/dark/inactive,straight,gradient,encoded,128.0,least-squares,152,88.0,0.0,1,8232,84,0,not closed,all shapes
2x/dark/inactive,straight,isotropic-even,encoded,128.0,least-squares,40,86.0,0.0,1,8232,84,0,not closed,all shapes
2x/dark/inactive,straight,isotropic-two-axis,encoded,128.0,least-squares,136,85.0,0.0,1,8232,84,0,not closed,all shapes
2x/dark/inactive,straight,one-sided-diagonal,encoded,128.0,least-squares,56,121.0,0.0,1,8232,84,0,not closed,all shapes
2x/dark/inactive,straight,rotated-axis,encoded,128.0,least-squares,120,87.0,0.0,1,8232,84,0,not closed,all shapes
2x/dark/inactive,straight,shipped-diagonal,encoded,128.0,least-squares,72,89.0,0.0,1,8232,84,0,not closed,all shapes
2x/dark/inactive,straight,signed-normal,encoded,128.0,least-squares,88,88.0,0.0,1,8232,84,0,not closed,all shapes
2x/dark/inactive,straight,two-term-even,encoded,128.0,least-squares,104,86.0,0.0,1,8232,84,0,not closed,all shapes
2x/dark/active,arc,body-forward-affine,encoded,45.333333333333336,least-squares,266,45.333333333333336,0.0,1,6712,384,0,not closed,circular only
2x/dark/active,arc,body-forward-affine,linear,37.55555555555556,minimax,379,37.55555555555556,0.0,1,6712,384,0,not closed,circular only
2x/dark/active,arc,body-forward-even-affine,encoded,31.0,least-squares,282,13.105263157894736,0.0,1,6712,384,0,not closed,circular only
2x/dark/active,arc,body-forward-even-affine,linear,31.25,least-squares,394,15.222222222222221,0.0,1,6712,384,0,not closed,circular only
2x/dark/active,arc,colour-gradient,encoded,123.78787878787878,least-squares,170,48.77777777777778,0.0,1,21340,672,0,not closed,all shapes
2x/dark/active,arc,constant,encoded,123.78787878787878,minimax,11,103.65714285714286,0.0,1,21340,672,0,not closed,all shapes
2x/dark/active,arc,coverage-add,encoded,49.611111111111114,least-squares,186,49.611111111111114,0.0,1,6712,384,0,not closed,circular only
2x/dark/active,arc,coverage-add,linear,50.333333333333336,least-squares,298,50.333333333333336,0.0,1,6712,384,0,not closed,circular only
2x/dark/active,arc,coverage-affine,encoded,44.625,least-squares,234,43.22222222222222,0.0,1,6712,384,0,not closed,circular only
2x/dark/active,arc,coverage-affine,linear,44.375,least-squares,346,44.27777777777778,0.0,1,6712,384,0,not closed,circular only
2x/dark/active,arc,coverage-even-affine,encoded,43.625,least-squares,250,20.77777777777778,0.0,1,6712,384,0,not closed,circular only
2x/dark/active,arc,coverage-even-affine,linear,47.77777777777778,least-squares,362,47.77777777777778,0.0,1,6712,384,0,not closed,circular only
2x/dark/active,arc,coverage-multiply,encoded,45.25,least-squares,202,43.611111111111114,0.0,1,6712,384,0,not closed,circular only
2x/dark/active,arc,coverage-multiply,linear,45.25,least-squares,314,43.94444444444444,0.0,1,6712,384,0,not closed,circular only
2x/dark/active,arc,coverage-screen,encoded,55.388888888888886,least-squares,218,55.388888888888886,0.0,1,6712,384,0,not closed,circular only
2x/dark/active,arc,coverage-screen,linear,54.44444444444444,least-squares,330,54.44444444444444,0.0,1,6712,384,0,not closed,circular only
2x/dark/active,arc,even,encoded,123.78787878787878,least-squares,26,97.45714285714286,0.0,1,21340,672,0,not closed,all shapes
2x/dark/active,arc,gradient,encoded,123.78787878787878,least-squares,154,103.17142857142858,0.0,1,21340,672,0,not closed,all shapes
2x/dark/active,arc,isotropic-even,encoded,123.78787878787878,least-squares,42,97.65714285714286,0.0,1,21340,672,0,not closed,all shapes
2x/dark/active,arc,isotropic-two-axis,encoded,123.78787878787878,least-squares,138,93.91428571428571,0.0,1,21340,672,0,not closed,all shapes
2x/dark/active,arc,one-sided-diagonal,encoded,142.65714285714284,least-squares,58,142.65714285714284,0.0,1,21340,672,0,not closed,all shapes
2x/dark/active,arc,rotated-axis,encoded,123.78787878787878,least-squares,122,93.25714285714285,0.0,1,21340,672,0,not closed,all shapes
2x/dark/active,arc,shipped-diagonal,encoded,123.78787878787878,minimax,75,108.37142857142857,0.0,1,21340,672,0,not closed,all shapes
2x/dark/active,arc,signed-normal,encoded,123.78787878787878,minimax,91,99.2,0.0,1,21340,672,0,not closed,all shapes
2x/dark/active,arc,two-term-even,encoded,123.78787878787878,least-squares,106,97.54285714285714,0.0,1,21340,672,0,not closed,all shapes
2x/dark/active,straight,body-forward-affine,encoded,47.0,least-squares,266,12.0,0.0,1,7296,48,0,not closed,circular only
2x/dark/active,straight,body-forward-affine,linear,47.0,least-squares,378,10.0,0.0,1,7296,48,0,not closed,circular only
2x/dark/active,straight,body-forward-even-affine,encoded,47.0,least-squares,282,4.0,0.0,1,7296,48,0,not closed,circular only
2x/dark/active,straight,body-forward-even-affine,linear,47.0,least-squares,394,3.0,0.0,1,7296,48,0,not closed,circular only
2x/dark/active,straight,colour-gradient,encoded,114.0,least-squares,170,80.0,0.0,1,8232,84,0,not closed,all shapes
2x/dark/active,straight,constant,encoded,114.0,least-squares,10,74.0,0.0,1,8232,84,0,not closed,all shapes
2x/dark/active,straight,coverage-add,encoded,59.0,least-squares,186,7.0,0.0,1,7296,48,0,not closed,circular only
2x/dark/active,straight,coverage-add,linear,59.0,least-squares,298,32.0,0.0,1,7296,48,0,not closed,circular only
2x/dark/active,straight,coverage-affine,encoded,59.0,least-squares,234,16.0,0.0,1,7296,48,0,not closed,circular only
2x/dark/active,straight,coverage-affine,linear,59.0,least-squares,346,16.0,0.0,1,7296,48,0,not closed,circular only
2x/dark/active,straight,coverage-even-affine,encoded,59.0,least-squares,250,6.0,0.0,1,7296,48,0,not closed,circular only
2x/dark/active,straight,coverage-even-affine,linear,59.0,least-squares,362,18.0,0.0,1,7296,48,0,not closed,circular only
2x/dark/active,straight,coverage-multiply,encoded,59.0,least-squares,202,15.0,0.0,1,7296,48,0,not closed,circular only
2x/dark/active,straight,coverage-multiply,linear,59.0,least-squares,314,15.0,0.0,1,7296,48,0,not closed,circular only
2x/dark/active,straight,coverage-screen,encoded,59.0,least-squares,218,2.0,0.0,1,7296,48,0,not closed,circular only
2x/dark/active,straight,coverage-screen,linear,59.0,least-squares,330,32.0,0.0,1,7296,48,0,not closed,circular only
2x/dark/active,straight,even,encoded,114.0,least-squares,26,83.0,0.0,1,8232,84,0,not closed,all shapes
2x/dark/active,straight,gradient,encoded,114.0,least-squares,154,83.0,0.0,1,8232,84,0,not closed,all shapes
2x/dark/active,straight,isotropic-even,encoded,114.0,least-squares,42,82.0,0.0,1,8232,84,0,not closed,all shapes
2x/dark/active,straight,isotropic-two-axis,encoded,114.0,least-squares,138,83.0,0.0,1,8232,84,0,not closed,all shapes
2x/dark/active,straight,one-sided-diagonal,encoded,114.0,least-squares,58,76.0,0.0,1,8232,84,0,not closed,all shapes
2x/dark/active,straight,rotated-axis,encoded,114.0,least-squares,122,82.0,0.0,1,8232,84,0,not closed,all shapes
2x/dark/active,straight,shipped-diagonal,encoded,114.0,least-squares,74,75.0,0.0,1,8232,84,0,not closed,all shapes
2x/dark/active,straight,signed-normal,encoded,114.0,least-squares,90,75.0,0.0,1,8232,84,0,not closed,all shapes
2x/dark/active,straight,two-term-even,encoded,114.0,least-squares,106,82.0,0.0,1,8232,84,0,not closed,all shapes
2x/light/inactive,arc,body-forward-affine,encoded,15.176470588235293,least-squares,268,15.176470588235293,0.0,1,6712,384,0,not closed,circular only
2x/light/inactive,arc,body-forward-affine,linear,21.0,least-squares,380,21.0,0.0,1,6712,384,0,not closed,circular only
2x/light/inactive,arc,body-forward-even-affine,encoded,13.823529411764707,least-squares,284,13.823529411764707,0.0,1,6712,384,0,not closed,circular only
2x/light/inactive,arc,body-forward-even-affine,linear,20.866666666666667,least-squares,396,20.866666666666667,0.0,1,6712,384,0,not closed,circular only
2x/light/inactive,arc,colour-gradient,encoded,97.0,least-squares,172,31.470588235294116,0.0,1,21280,672,0,not closed,all shapes
2x/light/inactive,arc,constant,encoded,97.0,least-squares,12,32.78048780487805,0.0,1,21280,672,0,not closed,all shapes
2x/light/inactive,arc,coverage-add,encoded,79.0,least-squares,188,21.555555555555557,0.0,1,6712,384,0,not closed,circular only
2x/light/inactive,arc,coverage-add,linear,79.0,least-squares,300,66.41176470588235,0.0,1,6712,384,0,not closed,circular only
2x/light/inactive,arc,coverage-affine,encoded,79.0,least-squares,236,19.0,0.0,1,6712,384,0,not closed,circular only
2x/light/inactive,arc,coverage-affine,linear,79.0,least-squares,348,29.555555555555557,0.0,1,6712,384,0,not closed,circular only
2x/light/inactive,arc,coverage-even-affine,encoded,79.0,least-squares,252,28.333333333333332,0.0,1,6712,384,0,not closed,circular only
2x/light/inactive,arc,coverage-even-affine,linear,79.0,least-squares,364,40.388888888888886,0.0,1,6712,384,0,not closed,circular only
2x/light/inactive,arc,coverage-multiply,encoded,79.0,least-squares,204,17.352941176470587,0.0,1,6712,384,0,not closed,circular only
2x/light/inactive,arc,coverage-multiply,linear,79.0,least-squares,316,17.529411764705884,0.0,1,6712,384,0,not closed,circular only
2x/light/inactive,arc,coverage-screen,encoded,79.0,least-squares,220,37.111111111111114,0.0,1,6712,384,0,not closed,circular only
2x/light/inactive,arc,coverage-screen,linear,79.0,least-squares,332,35.77777777777778,0.0,1,6712,384,0,not closed,circular only
2x/light/inactive,arc,even,encoded,97.0,least-squares,28,31.470588235294116,0.0,1,21280,672,0,not closed,all shapes
2x/light/inactive,arc,gradient,encoded,97.0,least-squares,156,33.470588235294116,0.0,1,21280,672,0,not closed,all shapes
2x/light/inactive,arc,isotropic-even,encoded,97.0,least-squares,44,36.470588235294116,0.0,1,21280,672,0,not closed,all shapes
2x/light/inactive,arc,isotropic-two-axis,encoded,97.0,least-squares,140,27.097560975609756,0.0,1,21280,672,0,not closed,all shapes
2x/light/inactive,arc,one-sided-diagonal,encoded,97.0,least-squares,60,50.470588235294116,0.0,1,21280,672,0,not closed,all shapes
2x/light/inactive,arc,rotated-axis,encoded,97.0,least-squares,124,36.470588235294116,0.0,1,21280,672,0,not closed,all shapes
2x/light/inactive,arc,shipped-diagonal,encoded,97.0,least-squares,76,38.41463414634146,0.0,1,21280,672,0,not closed,all shapes
2x/light/inactive,arc,signed-normal,encoded,97.0,least-squares,92,33.78048780487805,0.0,1,21280,672,0,not closed,all shapes
2x/light/inactive,arc,two-term-even,encoded,97.0,least-squares,108,27.975609756097562,0.0,1,21280,672,0,not closed,all shapes
2x/light/inactive,straight,body-forward-affine,encoded,10.0,least-squares,268,10.0,0.0,1,7296,48,0,not closed,circular only
2x/light/inactive,straight,body-forward-affine,linear,21.0,least-squares,380,21.0,0.0,1,7296,48,0,not closed,circular only
2x/light/inactive,straight,body-forward-even-affine,encoded,11.0,least-squares,284,11.0,0.0,1,7296,48,0,not closed,circular only
2x/light/inactive,straight,body-forward-even-affine,linear,21.0,least-squares,396,21.0,0.0,1,7296,48,0,not closed,circular only
2x/light/inactive,straight,colour-gradient,encoded,97.0,least-squares,172,21.0,0.0,1,8232,84,0,not closed,all shapes
2x/light/inactive,straight,constant,encoded,97.0,least-squares,12,21.0,0.0,1,8232,84,0,not closed,all shapes
2x/light/inactive,straight,coverage-add,encoded,79.0,minimax,189,36.0,0.0,1,7296,48,0,not closed,circular only
2x/light/inactive,straight,coverage-add,linear,82.0,least-squares,300,69.0,0.0,1,7296,48,0,not closed,circular only
2x/light/inactive,straight,coverage-affine,encoded,79.0,minimax,237,36.0,0.0,1,7296,48,0,not closed,circular only
2x/light/inactive,straight,coverage-affine,linear,80.0,least-squares,348,33.0,0.0,1,7296,48,0,not closed,circular only
2x/light/inactive,straight,coverage-even-affine,encoded,79.0,minimax,253,36.0,0.0,1,7296,48,0,not closed,circular only
2x/light/inactive,straight,coverage-even-affine,linear,80.0,least-squares,364,31.0,0.0,1,7296,48,0,not closed,circular only
2x/light/inactive,straight,coverage-multiply,encoded,79.0,minimax,205,36.0,0.0,1,7296,48,0,not closed,circular only
2x/light/inactive,straight,coverage-multiply,linear,80.0,least-squares,316,6.0,0.0,1,7296,48,0,not closed,circular only
2x/light/inactive,straight,coverage-screen,encoded,79.0,minimax,221,36.0,0.0,1,7296,48,0,not closed,circular only
2x/light/inactive,straight,coverage-screen,linear,79.0,minimax,333,36.0,0.0,1,7296,48,0,not closed,circular only
2x/light/inactive,straight,even,encoded,97.0,least-squares,28,43.0,0.0,1,8232,84,0,not closed,all shapes
2x/light/inactive,straight,gradient,encoded,97.0,least-squares,156,19.0,0.0,1,8232,84,0,not closed,all shapes
2x/light/inactive,straight,isotropic-even,encoded,97.0,least-squares,44,19.0,0.0,1,8232,84,0,not closed,all shapes
2x/light/inactive,straight,isotropic-two-axis,encoded,97.0,least-squares,140,20.0,0.0,1,8232,84,0,not closed,all shapes
2x/light/inactive,straight,one-sided-diagonal,encoded,97.0,least-squares,60,43.0,0.0,1,8232,84,0,not closed,all shapes
2x/light/inactive,straight,rotated-axis,encoded,97.0,least-squares,124,19.0,0.0,1,8232,84,0,not closed,all shapes
2x/light/inactive,straight,shipped-diagonal,encoded,97.0,least-squares,76,22.0,0.0,1,8232,84,0,not closed,all shapes
2x/light/inactive,straight,signed-normal,encoded,97.0,least-squares,92,21.0,0.0,1,8232,84,0,not closed,all shapes
2x/light/inactive,straight,two-term-even,encoded,97.0,least-squares,108,19.0,0.0,1,8232,84,0,not closed,all shapes
2x/light/active,arc,body-forward-affine,encoded,29.11111111111111,least-squares,270,29.11111111111111,0.0,1,6712,384,0,not closed,circular only
2x/light/active,arc,body-forward-affine,linear,31.833333333333332,least-squares,382,31.833333333333332,0.0,1,6712,384,0,not closed,circular only
2x/light/active,arc,body-forward-even-affine,encoded,26.25,least-squares,286,9.0,0.0,1,6712,384,0,not closed,circular only
2x/light/active,arc,body-forward-even-affine,linear,27.944444444444443,least-squares,398,27.944444444444443,0.0,1,6712,384,0,not closed,circular only
2x/light/active,arc,colour-gradient,encoded,120.06849315068493,least-squares,174,39.44117647058823,0.0,1,21256,672,0,not closed,all shapes
2x/light/active,arc,constant,encoded,120.06849315068493,least-squares,14,38.1764705882353,0.0,1,21256,672,0,not closed,all shapes
2x/light/active,arc,coverage-add,encoded,102.375,least-squares,190,38.833333333333336,0.0,1,6712,384,0,not closed,circular only
2x/light/active,arc,coverage-add,linear,102.375,least-squares,302,39.72222222222222,0.0,1,6712,384,0,not closed,circular only
2x/light/active,arc,coverage-affine,encoded,102.375,least-squares,238,32.0,0.0,1,6712,384,0,not closed,circular only
2x/light/active,arc,coverage-affine,linear,102.375,least-squares,350,32.77777777777778,0.0,1,6712,384,0,not closed,circular only
2x/light/active,arc,coverage-even-affine,encoded,102.375,least-squares,254,19.555555555555557,0.0,1,6712,384,0,not closed,circular only
2x/light/active,arc,coverage-even-affine,linear,102.375,least-squares,366,31.77777777777778,0.0,1,6712,384,0,not closed,circular only
2x/light/active,arc,coverage-multiply,encoded,102.375,least-squares,206,30.0,0.0,1,6712,384,0,not closed,circular only
2x/light/active,arc,coverage-multiply,linear,102.375,least-squares,318,30.88888888888889,0.0,1,6712,384,0,not closed,circular only
2x/light/active,arc,coverage-screen,encoded,102.375,least-squares,222,47.22222222222222,0.0,1,6712,384,0,not closed,circular only
2x/light/active,arc,coverage-screen,linear,102.375,least-squares,334,46.55555555555556,0.0,1,6712,384,0,not closed,circular only
2x/light/active,arc,even,encoded,120.06849315068493,least-squares,30,30.5,0.0,1,21256,672,0,not closed,all shapes
2x/light/active,arc,gradient,encoded,120.06849315068493,least-squares,158,33.6764705882353,0.0,1,21256,672,0,not closed,all shapes
2x/light/active,arc,isotropic-even,encoded,120.06849315068493,least-squares,46,32.75609756097561,0.0,1,21256,672,0,not closed,all shapes
2x/light/active,arc,isotropic-two-axis,encoded,120.06849315068493,least-squares,142,28.7,0.0,1,21256,672,0,not closed,all shapes
2x/light/active,arc,one-sided-diagonal,encoded,120.06849315068493,least-squares,62,52.1764705882353,0.0,1,21256,672,0,not closed,all shapes
2x/light/active,arc,rotated-axis,encoded,120.06849315068493,least-squares,126,34.048780487804876,0.0,1,21256,672,0,not closed,all shapes
2x/light/active,arc,shipped-diagonal,encoded,120.06849315068493,least-squares,78,38.529411764705884,0.0,1,21256,672,0,not closed,all shapes
2x/light/active,arc,signed-normal,encoded,120.06849315068493,least-squares,94,38.1764705882353,0.0,1,21256,672,0,not closed,all shapes
2x/light/active,arc,two-term-even,encoded,120.06849315068493,least-squares,110,29.926829268292682,0.0,1,21256,672,0,not closed,all shapes
2x/light/active,straight,body-forward-affine,encoded,38.0,least-squares,270,5.0,0.0,1,7296,48,0,not closed,circular only
2x/light/active,straight,body-forward-affine,linear,36.0,least-squares,382,25.0,0.0,1,7296,48,0,not closed,circular only
2x/light/active,straight,body-forward-even-affine,encoded,38.0,least-squares,286,9.0,0.0,1,7296,48,0,not closed,circular only
2x/light/active,straight,body-forward-even-affine,linear,36.0,least-squares,398,25.0,0.0,1,7296,48,0,not closed,circular only
2x/light/active,straight,colour-gradient,encoded,131.46153846153845,least-squares,174,20.0,0.0,1,8232,84,0,not closed,all shapes
2x/light/active,straight,constant,encoded,131.46153846153845,least-squares,14,18.0,0.0,1,8232,84,0,not closed,all shapes
2x/light/active,straight,coverage-add,encoded,116.0,least-squares,190,14.0,0.0,1,7296,48,0,not closed,circular only
2x/light/active,straight,coverage-add,linear,116.0,minimax,303,25.0,0.0,1,7296,48,0,not closed,circular only
2x/light/active,straight,coverage-affine,encoded,116.0,least-squares,238,12.0,0.0,1,7296,48,0,not closed,circular only
2x/light/active,straight,coverage-affine,linear,116.0,least-squares,350,20.0,0.0,1,7296,48,0,not closed,circular only
2x/light/active,straight,coverage-even-affine,encoded,116.0,least-squares,254,13.0,0.0,1,7296,48,0,not closed,circular only
2x/light/active,straight,coverage-even-affine,linear,116.0,least-squares,366,20.0,0.0,1,7296,48,0,not closed,circular only
2x/light/active,straight,coverage-multiply,encoded,116.0,least-squares,206,7.0,0.0,1,7296,48,0,not closed,circular only
2x/light/active,straight,coverage-multiply,linear,116.0,least-squares,318,7.223684210526316,0.0,1,7296,48,0,not closed,circular only
2x/light/active,straight,coverage-screen,encoded,116.0,least-squares,222,24.0,0.0,1,7296,48,0,not closed,circular only
2x/light/active,straight,coverage-screen,linear,116.0,least-squares,334,25.0,0.0,1,7296,48,0,not closed,circular only
2x/light/active,straight,even,encoded,131.46153846153845,least-squares,30,32.0,0.0,1,8232,84,0,not closed,all shapes
2x/light/active,straight,gradient,encoded,131.46153846153845,least-squares,158,20.0,0.0,1,8232,84,0,not closed,all shapes
2x/light/active,straight,isotropic-even,encoded,131.46153846153845,least-squares,46,20.0,0.0,1,8232,84,0,not closed,all shapes
2x/light/active,straight,isotropic-two-axis,encoded,131.46153846153845,least-squares,142,16.0,0.0,1,8232,84,0,not closed,all shapes
2x/light/active,straight,one-sided-diagonal,encoded,131.46153846153845,least-squares,62,32.0,0.0,1,8232,84,0,not closed,all shapes
2x/light/active,straight,rotated-axis,encoded,131.46153846153845,least-squares,126,20.0,0.0,1,8232,84,0,not closed,all shapes
2x/light/active,straight,shipped-diagonal,encoded,131.46153846153845,least-squares,78,18.0,0.0,1,8232,84,0,not closed,all shapes
2x/light/active,straight,signed-normal,encoded,131.46153846153845,least-squares,94,18.0,0.0,1,8232,84,0,not closed,all shapes
2x/light/active,straight,two-term-even,encoded,131.46153846153845,least-squares,110,17.0,0.0,1,8232,84,0,not closed,all shapes
